Name,Bats,MLB,Age,G,PA,AB,H,D,T,HR,R,RBI,K,BB,SB,CS,GDP,HBP,SH,SF,RC,Pos,AVG,OBP,SLG,OPS,WOBA,WAR
Aaron Judge,R,NYY,32,158,704,559,180,36,1,58,122,144,171,133,10,0,22,9,0,2,183.482,897,0.322,0.458,0.701,1.159,0.476,11.2061
Bobby Witt Jr.,R,KCR,24,161,709,636,211,45,11,32,125,109,106,57,31,12,4,8,0,8,149.927,6,0.332,0.389,0.588,0.977,0.41,10.3576
Shohei Ohtani,L,LAD,29,159,731,636,197,38,7,54,134,130,162,81,59,4,7,6,0,5,174.112,,0.31,0.39,0.646,1.036,0.431,9.0749
Juan Soto,L,NYY,25,157,713,576,166,31,4,41,128,109,119,129,7,4,10,4,0,4,147.009,97,0.288,0.419,0.569,0.988,0.421,8.1493
Gunnar Henderson,L,BAL,23,159,719,630,177,31,7,37,118,92,159,78,21,4,2,7,0,4,130.969,6,0.281,0.364,0.529,0.893,0.381,8.0134
Francisco Lindor,B,NYM,30,151,689,618,169,39,1,33,105,88,127,56,29,4,7,12,0,3,112.613,6,0.273,0.344,0.5,0.844,0.363,7.6047
Jarren Duran,L,BOS,27,160,735,671,191,48,14,21,111,75,160,54,34,7,6,6,1,3,118.223,87,0.285,0.342,0.492,0.834,0.357,6.7157
Jose Ramirez,B,CLE,31,158,682,620,173,39,2,39,114,118,82,54,41,7,9,1,0,6,114.754,5,0.279,0.335,0.537,0.872,0.364,6.4699
Elly De La Cruz,B,CIN,22,160,696,618,160,36,10,25,105,76,218,69,67,16,12,6,2,1,103.018,6,0.259,0.339,0.471,0.81,0.349,6.35
Ketel Marte,B,ARI,30,136,583,504,147,23,2,36,93,95,106,65,7,1,9,5,0,9,108.897,4,0.292,0.372,0.56,0.932,0.391,6.2729
Vladimir Guerrero Jr.,R,TOR,25,159,697,616,199,44,1,30,98,103,96,72,2,2,16,5,0,4,131.413,35,0.323,0.396,0.544,0.94,0.398,5.4591
Matt Chapman,R,SFG,31,154,647,575,142,39,2,27,98,78,158,64,15,2,13,6,0,2,88.988,5,0.247,0.328,0.463,0.791,0.34,5.4501
Cal Raleigh,B,SEA,27,153,628,546,120,16,0,34,73,100,176,70,6,1,7,6,0,6,78.721,2,0.22,0.312,0.436,0.748,0.323,5.4261
William Contreras,R,MIL,26,155,679,595,167,37,2,23,99,92,139,78,9,2,19,3,0,3,101.297,2,0.281,0.365,0.466,0.831,0.359,5.4222
Jackson Merrill,L,SDP,21,156,593,554,162,31,6,24,77,90,101,29,16,3,2,1,4,5,93.828,8,0.292,0.326,0.5,0.826,0.352,5.267
Yordan Alvarez,L,HOU,27,147,635,552,170,34,2,35,88,86,95,69,6,0,14,10,0,4,123.821,7,0.308,0.392,0.567,0.959,0.402,5.2591
Bryce Harper,L,PHI,31,145,631,550,157,42,0,30,85,87,138,76,7,4,18,2,1,2,105.19,3,0.285,0.373,0.525,0.898,0.38,5.1829
Brent Rooker,R,OAK,29,145,614,546,160,26,2,39,82,112,177,59,11,3,5,5,0,4,116.232,79,0.293,0.365,0.562,0.927,0.392,5.1045
Marcell Ozuna,R,ATL,33,160,688,606,183,31,0,39,96,102,170,74,1,0,22,3,0,4,122.326,,0.302,0.378,0.546,0.924,0.394,4.769
Willy Adames,R,MIL,28,161,688,610,153,33,0,32,93,112,173,74,21,4,12,1,0,3,96.509,6,0.251,0.331,0.462,0.793,0.342,4.7201
Corey Seager,L,TEX,30,123,533,475,132,21,0,30,68,74,96,53,1,1,8,3,0,2,86.061,6,0.278,0.353,0.512,0.865,0.365,4.5312
Mookie Betts,R,LAD,31,116,516,450,130,24,5,19,75,75,57,61,16,2,10,1,0,4,86.163,694,0.289,0.372,0.491,0.863,0.371,4.382
Patrick Bailey,B,SFG,25,121,448,401,94,16,1,8,46,46,100,39,4,0,10,0,1,7,41.836,2,0.234,0.298,0.339,0.637,0.281,4.3387
Dansby Swanson,R,CHC,30,149,593,534,129,27,2,16,82,66,144,54,19,3,7,2,0,3,68.902,6,0.242,0.312,0.39,0.702,0.307,4.3352
Jurickson Profar,B,SDP,31,158,668,564,158,29,0,24,94,85,101,76,10,3,14,18,5,5,103.006,73,0.28,0.38,0.459,0.839,0.365,4.2961
Carlos Correa,R,MIN,29,86,367,319,99,20,2,14,55,54,61,40,0,0,5,3,0,4,66.336,6,0.31,0.388,0.517,0.905,0.385,4.2702
Kyle Tucker,L,HOU,27,78,339,277,80,13,0,23,56,49,54,56,11,0,5,1,0,2,71.814,9,0.289,0.408,0.585,0.993,0.419,4.1885
Marcus Semien,R,TEX,33,159,718,650,154,27,2,23,101,74,105,64,8,3,9,3,0,1,80.218,4,0.237,0.308,0.391,0.699,0.306,4.1678
Steven Kwan,L,CLE,26,122,540,480,140,16,3,14,83,44,51,53,12,5,5,5,2,0,78.807,7,0.292,0.368,0.425,0.793,0.349,4.1426
Rafael Devers,L,BOS,27,138,601,525,143,34,5,28,87,83,147,67,3,0,13,3,0,6,96.586,5,0.272,0.354,0.516,0.87,0.364,4.128
Alex Bregman,R,HOU,30,145,634,581,151,30,2,26,79,75,86,44,3,1,13,5,0,4,81.887,5,0.26,0.315,0.453,0.768,0.331,4.1264
Freddie Freeman,L,LAD,34,147,638,542,153,35,2,22,81,89,100,78,9,2,13,10,0,8,101.799,3,0.282,0.378,0.476,0.854,0.365,4.0467
Corbin Carroll,L,ARI,23,158,684,589,136,22,14,22,121,74,130,73,35,8,3,10,3,9,90.626,89,0.231,0.322,0.428,0.75,0.325,4.0416
Colton Cowser,L,BAL,24,153,561,499,121,24,3,24,77,69,172,52,9,4,9,7,0,3,72.652,789,0.242,0.321,0.447,0.768,0.331,4.0193
Riley Greene,L,DET,23,137,584,512,134,27,6,24,82,74,156,64,4,2,2,5,0,2,90.55,789,0.262,0.348,0.479,0.827,0.355,3.998
Jazz Chisholm Jr.,L,- - -,26,147,621,562,144,21,4,24,74,73,152,53,40,10,6,4,0,2,83.521,854,0.256,0.324,0.436,0.76,0.327,3.9899
Trea Turner,R,PHI,31,121,539,505,149,25,0,21,88,62,98,27,19,4,10,6,0,1,79.786,6,0.295,0.338,0.469,0.807,0.349,3.9392
Jackson Chourio,R,MIL,20,148,573,528,145,29,4,21,80,79,121,39,22,7,7,3,1,2,80.878,79,0.275,0.327,0.464,0.791,0.339,3.9359
Jose Altuve,R,HOU,34,153,682,628,185,31,0,20,94,65,119,47,22,7,15,7,0,0,95.76,4,0.295,0.35,0.439,0.789,0.344,3.9353
Nico Hoerner,R,CHC,27,151,641,582,159,35,1,7,86,48,66,44,31,6,8,12,0,3,78.073,46,0.273,0.335,0.373,0.708,0.313,3.9224
Julio Rodriguez,R,SEA,23,143,613,567,155,17,0,20,76,68,156,38,24,5,10,6,0,2,77.052,8,0.273,0.325,0.409,0.734,0.321,3.8248
Eugenio Suarez,R,ARI,32,158,640,571,146,28,2,30,90,101,176,49,2,1,10,9,0,11,87.405,5,0.256,0.319,0.469,0.788,0.337,3.7801
Brenton Doyle,R,COL,26,149,603,542,141,24,4,23,82,72,153,46,30,5,13,3,4,8,78.818,8,0.26,0.317,0.446,0.763,0.328,3.6799
Byron Buxton,R,MIN,30,102,388,355,99,27,3,18,62,56,99,20,7,2,3,11,0,2,63.943,8,0.279,0.335,0.524,0.859,0.366,3.6719
Ezequiel Tovar,R,COL,22,157,695,655,176,45,4,26,83,78,200,23,6,5,16,4,5,7,84.738,6,0.269,0.295,0.469,0.764,0.324,3.6307
Ian Happ,B,CHC,29,153,657,569,138,34,2,25,89,86,168,80,13,2,7,6,0,2,91.923,7,0.243,0.341,0.441,0.782,0.341,3.5882
Masyn Winn,R,STL,22,150,637,587,157,32,5,15,85,57,109,41,11,5,1,1,3,5,80.151,6,0.267,0.314,0.416,0.73,0.315,3.5618
Manny Machado,R,SDP,31,152,643,593,163,30,0,29,77,105,124,45,11,2,25,1,0,4,84.405,5,0.275,0.325,0.472,0.797,0.34,3.5582
Seiya Suzuki,R,CHC,29,132,585,512,145,27,6,21,74,73,160,63,16,6,6,6,0,4,94.805,97,0.283,0.366,0.482,0.848,0.365,3.5542
Oneil Cruz,L,PIT,25,146,599,541,140,34,3,21,72,76,181,51,22,1,8,3,0,4,83.16,68,0.259,0.324,0.449,0.773,0.331,3.5058
Alec Bohm,R,PHI,27,143,606,554,155,44,2,15,62,97,86,40,5,2,18,6,0,6,79.198,53,0.28,0.332,0.448,0.78,0.335,3.4902
Teoscar Hernandez,R,LAD,31,154,652,589,160,32,2,33,84,99,188,53,12,3,7,8,0,1,102.693,79,0.272,0.339,0.501,0.84,0.36,3.4787
Zach Neto,R,LAA,23,155,602,542,135,34,1,23,70,77,140,39,30,10,14,16,4,1,75.07,6,0.249,0.318,0.443,0.761,0.33,3.4716
Austin Wells,L,NYY,24,115,414,354,81,18,1,13,42,55,87,47,1,2,9,5,1,7,46.619,2,0.229,0.322,0.395,0.717,0.315,3.4442
Kyle Schwarber,L,PHI,31,150,692,573,142,22,0,38,110,104,197,106,5,3,6,5,0,8,110.216,7,0.248,0.366,0.485,0.851,0.366,3.4201
Anthony Volpe,R,NYY,23,160,689,637,155,27,7,12,90,60,156,42,28,7,9,4,2,3,70.144,6,0.243,0.293,0.364,0.657,0.287,3.3825
Isaac Paredes,R,- - -,25,153,641,542,129,25,1,19,64,80,105,76,1,1,17,17,0,6,76.476,53,0.238,0.346,0.393,0.739,0.327,3.3582
Anthony Santander,B,BAL,29,155,665,595,140,25,2,44,91,102,129,58,2,0,9,7,0,5,94.54,9,0.235,0.308,0.506,0.814,0.345,3.3278
Daulton Varsho,L,TOR,27,136,513,459,98,21,7,18,73,58,137,48,10,2,2,4,1,1,58.77,879,0.214,0.293,0.407,0.7,0.304,3.303
Brendan Donovan,L,STL,27,153,652,587,163,34,3,14,65,73,81,47,5,5,4,13,0,5,87.241,745,0.278,0.342,0.417,0.759,0.332,3.2473
Fernando Tatis Jr.,R,SDP,25,102,438,398,110,21,1,21,64,49,96,32,11,3,8,7,0,1,66.914,9,0.276,0.34,0.492,0.832,0.359,3.2333
Lawrence Butler,L,OAK,23,125,451,412,108,24,2,22,63,57,108,35,18,0,8,0,0,4,66.614,9,0.262,0.317,0.49,0.807,0.345,3.2321
Salvador Perez,R,KCR,34,158,652,590,160,28,0,27,58,104,129,44,0,0,17,11,0,6,86.402,23,0.271,0.33,0.456,0.786,0.335,3.1605
Nolan Arenado,R,STL,33,152,635,578,157,23,0,16,70,71,92,44,2,2,15,5,0,7,73.006,5,0.272,0.325,0.394,0.719,0.314,3.1339
Joey Ortiz,R,MIL,25,142,511,440,105,25,6,11,58,60,103,56,11,6,10,6,3,6,59.549,564,0.239,0.329,0.398,0.727,0.319,3.1305
J.J. Bleday,L,OAK,26,159,642,572,139,43,4,20,74,60,125,67,2,3,8,2,1,0,82.537,8,0.243,0.324,0.437,0.761,0.33,3.1263
Victor Robles,R,- - -,27,91,295,254,78,20,0,4,44,28,53,21,34,2,2,11,6,3,50.549,897,0.307,0.381,0.433,0.814,0.357,3.0936
Willi Castro,B,MIN,27,158,635,558,138,31,5,12,89,60,150,51,14,9,8,21,1,4,74.039,64785,0.247,0.331,0.385,0.716,0.317,3.0913
Mark Vientos,R,NYM,24,110,454,413,110,22,0,27,58,70,135,33,0,0,6,3,0,4,69.363,53,0.266,0.322,0.516,0.838,0.356,3.086
Luis Garcia,L,WSN,24,140,528,500,141,25,1,18,58,70,86,27,22,5,12,0,0,1,68.768,4,0.282,0.318,0.444,0.762,0.328,3.082
Wilyer Abreu,L,BOS,25,132,447,399,101,33,2,15,59,58,125,40,8,3,7,3,0,5,60.237,97,0.253,0.322,0.459,0.781,0.336,3.0454
Yainer Diaz,R,HOU,25,148,619,585,175,29,3,16,70,84,107,24,2,0,22,2,0,8,77.991,23,0.299,0.325,0.441,0.766,0.329,3.0437
Carlos Santana,B,MIN,38,150,594,521,124,26,0,23,63,71,99,65,4,0,11,6,0,2,74.281,3,0.238,0.328,0.42,0.748,0.326,3.0273
Jake McCarthy,L,ARI,26,142,495,442,126,13,7,8,66,56,78,31,25,6,4,14,5,3,66.872,897,0.285,0.349,0.4,0.749,0.329,3.0186
Christian Yelich,L,MIL,32,73,315,270,85,12,3,11,44,42,58,40,21,1,3,2,1,1,61.931,7,0.315,0.406,0.504,0.91,0.391,3.0117
Tyler Stephenson,R,CIN,27,138,515,457,118,26,1,19,69,66,117,48,1,0,9,8,0,2,70.037,2,0.258,0.338,0.444,0.782,0.339,3.0101
Tyler Fitzgerald,R,SFG,26,96,341,314,88,19,2,15,53,34,108,22,17,4,2,4,0,1,54.513,68473,0.28,0.334,0.497,0.831,0.357,2.9796
Joc Pederson,L,ARI,32,132,449,367,101,17,1,23,62,64,105,55,7,4,5,18,1,3,79.222,,0.275,0.393,0.515,0.908,0.391,2.961
Christian Walker,R,ARI,33,130,552,479,120,26,0,26,72,84,133,55,2,2,12,10,0,8,75.915,3,0.251,0.335,0.468,0.803,0.343,2.9336
Josh H. Smith,L,TEX,26,149,592,523,135,30,1,13,67,62,121,46,11,2,6,18,2,3,74.432,5679,0.258,0.337,0.394,0.731,0.323,2.9206
Adley Rutschman,B,BAL,26,148,638,571,143,21,1,19,68,79,103,58,1,0,9,2,0,7,73.58,2,0.25,0.318,0.391,0.709,0.309,2.8626
Wyatt Langford,R,TEX,22,134,557,499,126,25,4,16,74,74,115,51,19,3,6,4,0,3,71.629,78,0.253,0.325,0.415,0.74,0.321,2.8492
Miguel Rojas,R,LAD,35,103,337,307,87,21,0,6,41,36,34,23,8,2,8,3,2,2,42.484,645,0.283,0.337,0.41,0.747,0.327,2.8155
Alejandro Kirk,R,TOR,25,103,386,340,86,19,1,5,23,54,51,35,0,0,11,2,0,9,39.473,2,0.253,0.319,0.359,0.678,0.297,2.797
Jonathan India,R,CIN,27,151,637,533,132,28,2,15,84,58,125,80,13,2,16,15,2,7,80.431,4,0.248,0.357,0.392,0.749,0.333,2.7834
Jeremy Pena,R,HOU,26,157,650,602,160,28,2,15,78,70,111,25,20,6,15,14,3,6,71.737,6,0.266,0.308,0.394,0.702,0.305,2.774
Andres Gimenez,L,CLE,25,152,633,583,147,22,1,9,64,63,97,26,30,5,11,15,3,6,62.137,4,0.252,0.298,0.34,0.638,0.281,2.7631
Jordan Westburg,R,BAL,25,107,447,416,110,26,5,18,57,63,97,22,6,3,5,7,1,1,62.042,546,0.264,0.312,0.481,0.793,0.34,2.7502
Nathaniel Lowe,L,TEX,28,140,565,486,129,16,1,16,62,69,125,71,2,0,9,4,0,4,75.018,3,0.265,0.361,0.401,0.762,0.337,2.7408
Taylor Ward,R,LAA,30,156,663,585,144,26,2,25,73,75,163,63,6,4,11,7,0,8,82.385,7,0.246,0.323,0.426,0.749,0.325,2.7242
Jacob Young,R,WSN,24,150,521,468,120,24,1,3,75,36,102,30,33,10,11,12,9,2,51.096,8,0.256,0.316,0.331,0.647,0.29,2.7178
Pete Crow-Armstrong,L,CHC,22,123,410,372,88,13,6,10,46,47,98,21,27,3,4,6,8,3,44.586,8,0.237,0.286,0.384,0.67,0.289,2.7153
Will Smith,R,LAD,29,128,544,476,118,24,2,20,77,75,105,51,1,1,8,9,0,8,69.812,2,0.248,0.327,0.433,0.76,0.326,2.7057
Brandon Nimmo,L,NYM,31,149,663,571,128,25,3,23,87,88,158,77,15,0,6,12,0,3,82.821,78,0.224,0.327,0.399,0.726,0.321,2.6861
Willson Contreras,R,STL,32,84,358,301,79,17,0,15,48,36,96,45,4,1,7,12,0,0,56.27,2,0.262,0.38,0.468,0.848,0.37,2.6425
Ha-seong Kim,R,SDP,28,121,470,403,94,16,3,11,60,47,77,58,22,5,8,2,4,3,53.592,6,0.233,0.33,0.37,0.7,0.308,2.6389
Matt Olson,L,ATL,30,160,685,600,148,37,1,29,78,98,170,71,0,0,15,9,0,5,92.072,3,0.247,0.333,0.457,0.79,0.339,2.6044
Jose Iglesias,R,NYM,34,83,291,270,91,16,1,4,38,25,39,12,5,2,4,8,0,1,46.568,456,0.337,0.381,0.448,0.829,0.362,2.5745
Matt Vierling,R,DET,27,144,567,518,133,28,5,16,80,57,121,41,6,1,9,3,0,5,69.48,8597,0.257,0.312,0.423,0.735,0.317,2.5741
Gabriel Moreno,R,ARI,24,97,351,305,81,18,1,5,39,45,52,41,3,1,10,2,0,3,41.865,2,0.266,0.353,0.38,0.733,0.325,2.5058
Tyler O'Neill,R,BOS,29,113,473,411,99,18,0,31,74,61,159,53,4,0,13,7,0,2,70.197,79,0.241,0.336,0.511,0.847,0.36,2.495
Otto Lopez,R,MIA,25,117,434,403,109,23,1,6,49,39,75,25,20,4,13,1,2,2,46.666,4657,0.27,0.313,0.377,0.69,0.302,2.4929
Brice Turang,L,MIL,24,155,619,559,142,24,4,7,72,57,105,50,50,6,8,2,5,3,69.331,4,0.254,0.316,0.349,0.665,0.294,2.4894
Michael Busch,L,CHC,26,152,567,496,123,28,2,21,73,65,162,63,2,1,9,4,0,4,75.644,34,0.248,0.335,0.44,0.775,0.336,2.3826
Dylan Moore,R,SEA,31,135,441,368,74,23,4,10,53,42,123,53,32,6,8,14,1,5,49.51,65473,0.201,0.32,0.367,0.687,0.306,2.377
Brandon Marsh,L,PHI,26,135,476,418,104,17,3,16,55,60,154,50,19,3,2,2,1,5,63.928,789,0.249,0.328,0.419,0.747,0.326,2.371
Austin Riley,R,ATL,27,110,469,425,109,26,2,19,63,56,118,37,0,0,6,5,0,2,64.295,5,0.256,0.322,0.461,0.783,0.338,2.3684
Kerry Carpenter,L,DET,26,87,296,264,75,16,5,18,37,57,75,22,0,2,5,4,0,3,52.313,97,0.284,0.345,0.587,0.932,0.39,2.3583
Max Muncy,L,LAD,33,73,293,237,55,17,0,15,47,48,77,45,1,0,1,5,0,6,47.158,5,0.232,0.358,0.494,0.852,0.362,2.3289
Cedric Mullins,L,BAL,29,147,499,444,104,16,3,18,69,54,98,41,32,6,1,5,2,2,60.986,8,0.234,0.305,0.405,0.71,0.31,2.3037
Luke Raley,L,SEA,29,137,455,404,98,19,2,22,58,58,135,27,11,2,2,20,2,2,64.153,7398,0.243,0.32,0.463,0.783,0.339,2.2752
Heliot Ramos,R,SFG,24,121,518,475,128,23,3,22,54,72,135,37,6,1,12,2,0,4,70.703,879,0.269,0.322,0.469,0.791,0.339,2.2581
Josh Naylor,L,CLE,27,152,633,563,137,27,0,31,84,108,105,58,6,2,17,7,0,4,80.288,3,0.243,0.32,0.456,0.776,0.332,2.2572
Jake Rogers,R,DET,29,102,337,310,61,16,1,10,43,36,99,22,1,0,6,3,0,2,27.727,2,0.197,0.255,0.352,0.607,0.264,2.2517
Brandon Lowe,L,TBR,29,107,425,385,94,19,3,21,56,58,112,33,5,1,7,5,0,2,56.894,43,0.244,0.311,0.473,0.784,0.335,2.2496
Cody Bellinger,L,CHC,28,130,569,516,137,23,3,18,72,78,89,45,9,2,10,3,0,5,72.344,893,0.266,0.325,0.426,0.751,0.322,2.2108
Pete Alonso,R,NYM,29,160,695,608,146,31,0,34,91,88,172,70,3,0,14,13,0,4,93.789,3,0.24,0.329,0.459,0.788,0.34,2.1946
Ernie Clement,R,TOR,28,139,452,434,114,21,3,12,48,51,41,11,12,3,11,3,2,2,47.592,564,0.263,0.284,0.408,0.692,0.297,2.1856
Lourdes Gurriel Jr.,R,ARI,30,133,553,513,143,22,2,18,72,75,101,29,7,1,16,6,0,5,69.314,7,0.279,0.322,0.435,0.757,0.327,2.1606
Parker Meadows,L,DET,24,82,298,270,66,12,6,9,39,28,76,25,9,4,0,1,1,1,38.236,8,0.244,0.31,0.433,0.743,0.321,2.1575
Xavier Edwards,B,MIA,24,70,303,265,87,12,5,1,39,26,52,33,31,4,0,0,1,4,53.23,64,0.328,0.397,0.423,0.82,0.359,2.1569
Bryan Reynolds,B,PIT,29,156,692,622,171,29,3,24,73,88,156,57,10,2,7,10,0,3,99.741,79,0.275,0.344,0.447,0.791,0.343,2.1427
Logan O'Hoppe,R,LAA,24,136,522,479,117,17,1,20,64,56,155,33,2,3,7,8,1,1,59.183,2,0.244,0.303,0.409,0.712,0.311,2.1229
Ivan Herrera,R,STL,24,72,259,229,69,12,1,5,37,27,53,25,5,0,3,2,0,2,39.168,2,0.301,0.372,0.428,0.8,0.351,2.118
Matt Wallner,L,MIN,26,75,261,220,57,17,1,13,26,37,95,24,3,0,2,16,0,1,46.401,97,0.259,0.372,0.523,0.895,0.385,2.0895
Jake Cronenworth,L,SDP,30,155,656,577,139,29,3,17,72,83,118,61,5,2,19,11,1,3,72.276,34,0.241,0.324,0.39,0.714,0.315,2.0756
Jose Caballero,R,TBR,27,139,483,441,100,24,1,9,53,44,133,27,44,16,6,9,3,3,44.396,654,0.227,0.283,0.347,0.63,0.277,2.0594
Isiah Kiner-Falefa,R,- - -,29,133,496,465,125,18,4,8,53,43,78,16,11,2,12,10,3,2,52.502,456,0.269,0.306,0.376,0.682,0.299,2.0487
Michael Harris II,L,ATL,23,108,470,440,116,14,3,16,56,48,94,23,10,6,6,4,0,3,55.053,8,0.264,0.304,0.418,0.722,0.312,2.0453
Xander Bogaerts,R,SDP,31,111,463,428,113,15,1,11,50,44,79,28,13,3,13,1,0,6,49.099,46,0.264,0.307,0.381,0.688,0.3,2.0265
Jake Meyers,R,HOU,28,148,513,461,101,20,3,13,51,61,117,35,11,3,17,10,3,4,45.945,8,0.219,0.286,0.36,0.646,0.285,2.0218
J.T. Realmuto,R,PHI,33,99,413,380,101,18,1,14,50,47,102,27,2,2,7,5,0,1,51.828,2,0.266,0.322,0.429,0.751,0.326,2.0169
Shea Langeliers,R,OAK,26,137,534,482,108,18,2,29,58,80,145,41,4,2,15,5,0,6,59.941,2,0.224,0.288,0.45,0.738,0.315,1.983
Francisco Alvarez,R,NYM,22,99,342,308,73,14,2,11,38,46,86,30,1,1,7,2,0,2,37.972,2,0.237,0.307,0.403,0.71,0.31,1.9681
Ryan McMahon,L,COL,29,153,645,567,137,28,0,20,68,65,185,69,4,6,9,3,0,4,74.474,5,0.242,0.325,0.397,0.722,0.315,1.963
Geraldo Perdomo,B,ARI,24,98,388,337,92,21,2,3,61,37,58,36,9,1,5,3,7,5,47.378,6,0.273,0.344,0.374,0.718,0.317,1.9531
Josh Rojas,L,SEA,30,142,476,422,95,19,2,8,48,31,108,46,10,4,6,3,1,2,45.583,547,0.225,0.304,0.336,0.64,0.286,1.9422
Yandy Diaz,R,TBR,32,145,621,563,158,31,1,14,55,65,95,50,0,0,12,4,0,4,80.232,3,0.281,0.341,0.414,0.755,0.331,1.9418
Randy Arozarena,R,- - -,29,154,648,549,120,33,0,20,77,60,169,73,20,10,7,22,0,4,76.444,78,0.219,0.332,0.388,0.72,0.32,1.9377
Victor Caratini,B,HOU,30,87,274,245,66,8,1,8,30,30,53,23,0,1,6,3,0,3,33.522,23,0.269,0.336,0.408,0.744,0.324,1.9223
Edmundo Sosa,R,PHI,28,90,274,249,64,12,4,7,39,31,66,13,7,1,5,8,1,2,33.469,645,0.257,0.313,0.422,0.735,0.318,1.9149
Spencer Horwitz,L,TOR,26,97,381,328,87,19,0,12,46,40,70,42,0,0,8,7,0,4,52.51,34,0.265,0.357,0.433,0.79,0.344,1.8791
Freddy Fermin,R,KCR,29,111,368,339,92,14,0,6,40,36,66,23,2,0,10,2,1,3,38.776,2,0.271,0.319,0.366,0.685,0.3,1.8747
Jose Siri,R,TBR,28,130,448,402,75,16,1,18,50,47,170,31,14,7,5,7,2,4,37.882,8,0.187,0.255,0.366,0.621,0.271,1.8727
CJ Abrams,L,WSN,23,138,602,541,133,29,6,20,79,65,128,40,31,12,4,16,1,4,76.586,6,0.246,0.314,0.433,0.747,0.322,1.8682
Bryson Stott,L,PHI,26,148,571,506,124,19,2,11,65,57,93,53,32,3,9,3,0,9,63.44,46,0.245,0.315,0.356,0.671,0.296,1.8586
Garrett Mitchell,L,MIL,25,69,224,196,50,12,3,8,33,21,71,25,11,4,1,1,2,0,33.446,89,0.255,0.342,0.469,0.811,0.351,1.8384
Travis d'Arnaud,R,ATL,35,98,341,307,73,16,0,15,39,48,89,24,1,0,8,6,0,4,40.229,2,0.238,0.302,0.436,0.738,0.319,1.8246
Colt Keith,L,DET,22,148,556,516,134,15,4,13,54,61,110,36,7,1,4,2,0,2,63.088,4,0.26,0.309,0.38,0.689,0.301,1.8028
Carson Kelly,R,- - -,29,91,313,281,67,9,1,9,32,37,55,25,0,0,6,6,0,1,33.385,2,0.238,0.313,0.374,0.687,0.304,1.7894
Gleyber Torres,R,NYY,27,154,665,587,151,26,0,15,80,63,136,65,4,3,6,3,2,8,77.987,4,0.257,0.33,0.378,0.708,0.313,1.7355
David Fry,R,CLE,28,122,392,335,88,18,1,14,44,51,84,42,4,1,13,9,0,4,53.327,3279,0.263,0.356,0.448,0.804,0.347,1.7245
Paul DeJong,R,- - -,30,139,482,445,101,17,0,24,54,56,156,23,2,2,9,9,0,5,51.119,65,0.227,0.276,0.427,0.703,0.302,1.7183
Lars Nootbaar,L,STL,26,109,405,348,85,18,3,12,39,45,79,52,7,3,10,1,1,3,50.611,978,0.244,0.342,0.417,0.759,0.331,1.7123
Ryan O'Hearn,L,BAL,30,142,494,443,117,21,3,15,60,59,69,46,3,1,7,2,0,3,64.859,397,0.264,0.334,0.427,0.761,0.33,1.6896
Ryan Jeffers,R,MIN,27,122,465,412,93,22,0,21,56,64,94,32,3,0,9,14,1,6,54.561,2,0.226,0.3,0.432,0.732,0.317,1.6672
David Hamilton,L,BOS,26,98,317,294,73,17,1,8,47,28,80,22,33,4,1,1,0,0,39.942,64,0.248,0.303,0.395,0.698,0.305,1.6528
Jose Trevino,R,NYY,31,73,234,209,45,5,0,8,26,28,41,20,1,0,12,2,1,2,19.226,2,0.215,0.288,0.354,0.642,0.284,1.6134
Bo Naylor,L,CLE,24,123,389,354,71,10,2,13,39,39,122,29,6,3,3,2,2,2,33.81,2,0.201,0.264,0.35,0.614,0.269,1.6038
J.P. Crawford,L,SEA,29,105,451,392,79,16,2,9,55,37,102,52,5,0,4,6,0,1,42.525,6,0.202,0.304,0.321,0.625,0.283,1.6004
Blake Perkins,B,MIL,27,121,434,383,92,13,2,6,54,43,108,42,23,5,3,3,0,6,45.632,8,0.24,0.316,0.332,0.648,0.288,1.5952
Mike Yastrzemski,L,SFG,33,140,474,428,99,16,9,18,60,57,124,38,3,2,5,6,1,1,57.608,98,0.231,0.302,0.437,0.739,0.319,1.5524
Sal Frelick,L,MIL,24,145,524,475,123,22,4,2,66,32,78,39,18,3,8,4,2,1,53.878,978,0.259,0.32,0.335,0.655,0.292,1.552
Kyle Higashioka,R,SDP,34,84,263,246,54,10,1,17,29,45,74,15,2,0,3,0,1,1,30.862,2,0.22,0.263,0.476,0.739,0.314,1.5481
Randal Grichuk,R,ARI,32,106,279,254,74,20,2,12,40,46,46,20,0,0,5,3,0,2,46.501,97,0.291,0.348,0.528,0.876,0.373,1.5359
Gavin Lux,L,LAD,26,139,487,439,110,24,2,10,59,50,110,44,5,2,8,2,0,2,55.042,4,0.251,0.32,0.383,0.703,0.31,1.529
Michael Massey,L,KCR,26,100,356,332,86,17,2,14,45,45,56,15,1,0,9,3,2,4,41.912,4,0.259,0.294,0.449,0.743,0.317,1.504
Ryan Mountcastle,R,BAL,27,124,507,473,128,30,2,13,54,63,114,27,3,0,13,1,0,6,60.066,3,0.271,0.308,0.425,0.733,0.316,1.4877
Trevor Larnach,L,MIN,27,112,400,355,92,17,0,15,59,52,89,40,4,1,12,3,0,2,51.252,79,0.259,0.338,0.434,0.772,0.336,1.4837
Vinnie Pasquantino,L,KCR,26,131,554,496,130,30,2,19,64,97,71,40,1,0,12,4,1,13,70.175,3,0.262,0.315,0.446,0.761,0.325,1.4727
Kyle Isbel,L,KCR,27,136,426,384,88,13,8,8,62,42,88,27,11,2,4,5,8,2,42.881,8,0.229,0.287,0.367,0.654,0.286,1.4561
Luis Rengifo,B,LAA,27,78,304,283,85,13,1,6,41,30,44,16,24,7,6,4,1,0,41.218,546,0.3,0.347,0.417,0.764,0.335,1.4452
Harrison Bader,R,NYM,30,141,437,402,95,19,0,12,57,51,95,21,17,8,6,8,0,6,42.6,8,0.236,0.284,0.373,0.657,0.285,1.4342
Zack Gelof,R,OAK,24,138,547,497,105,20,2,17,60,49,188,38,25,3,7,4,3,5,52.115,4,0.211,0.27,0.362,0.632,0.276,1.419
LaMonte Wade Jr.,L,SFG,30,117,401,331,86,16,0,8,45,34,90,62,2,1,2,4,1,3,53.87,397,0.26,0.38,0.381,0.761,0.337,1.404
Kevin Newman,R,ARI,30,111,311,288,80,17,1,3,41,28,48,15,8,1,7,0,6,2,33.558,6435,0.278,0.311,0.375,0.686,0.298,1.3996
Jesus Sanchez,L,MIA,26,149,537,489,123,25,1,18,60,64,140,41,16,2,12,4,1,2,64.542,97,0.252,0.313,0.417,0.73,0.317,1.3908
Ben Rortvedt,L,TBR,26,112,328,290,66,13,0,3,27,31,88,34,1,0,6,4,0,0,29.4,2,0.228,0.317,0.303,0.62,0.283,1.3875
Yasmani Grandal,B,PIT,35,72,243,215,49,10,0,9,26,27,46,24,1,0,7,0,3,1,25.759,2,0.228,0.304,0.4,0.704,0.308,1.3646
Jake Burger,R,MIA,28,137,579,535,134,23,1,29,68,76,150,31,1,1,11,9,0,4,72.321,53,0.25,0.301,0.46,0.761,0.325,1.3627
Nick Gonzales,R,PIT,25,94,387,359,97,19,3,7,42,49,74,18,5,3,8,5,1,4,43.352,465,0.27,0.311,0.398,0.709,0.307,1.3541
Richie Palacios,L,TBR,27,92,316,264,59,8,1,5,46,21,67,45,19,1,5,5,0,1,34.948,4975,0.223,0.346,0.318,0.664,0.303,1.348
Lane Thomas,R,- - -,28,130,528,472,112,26,3,15,65,63,137,44,32,14,5,7,0,5,60.338,98,0.237,0.309,0.4,0.709,0.309,1.3403
Andy Pages,R,LAD,23,116,443,403,100,23,1,13,65,46,108,29,1,2,8,6,0,4,49.689,897,0.248,0.305,0.407,0.712,0.31,1.3309
Joey Bart,R,PIT,27,80,282,253,67,11,0,13,38,45,73,22,0,0,8,6,0,1,38.502,2,0.265,0.337,0.462,0.799,0.347,1.3276
Max Schuemann,R,OAK,27,133,459,396,87,14,0,7,55,34,119,47,14,1,8,7,5,4,42.562,65478,0.22,0.311,0.308,0.619,0.281,1.3255
Jeff McNeil,L,NYM,32,129,472,424,101,26,0,12,57,44,68,35,5,1,6,9,1,3,52.294,497,0.238,0.308,0.384,0.692,0.304,1.2947
Spencer Steer,R,CIN,26,158,656,574,129,34,4,20,74,92,137,72,25,3,5,8,0,2,81.374,7349,0.225,0.319,0.402,0.721,0.316,1.2785
Michael Conforto,L,SFG,31,130,488,438,104,27,3,20,56,66,118,42,0,1,16,5,0,3,57.807,7,0.237,0.309,0.45,0.759,0.327,1.2688
Jesse Winker,L,- - -,30,145,508,430,109,23,0,14,63,58,106,63,14,4,12,10,2,3,66.119,79,0.253,0.36,0.405,0.765,0.338,1.2562
James Wood,L,WSN,21,79,336,295,78,13,4,9,43,41,97,39,14,8,1,2,0,0,47.038,7,0.264,0.354,0.427,0.781,0.342,1.2383
Rob Refsnyder,R,BOS,33,93,307,272,77,16,1,11,32,40,78,28,2,2,6,5,0,1,45.873,79,0.283,0.359,0.471,0.83,0.358,1.2204
George Springer,R,TOR,34,145,614,545,120,19,3,19,74,56,115,60,16,1,16,6,0,2,63.001,98,0.22,0.303,0.371,0.674,0.298,1.1924
Justin Turner,R,- - -,39,139,539,460,119,24,0,11,59,55,95,59,0,2,16,13,0,7,63.5,35,0.259,0.354,0.383,0.737,0.327,1.178
Alex Call,R,WSN,29,30,113,99,34,9,0,3,15,14,19,12,5,1,2,2,0,0,23.193,98,0.343,0.425,0.525,0.95,0.412,1.1668
Johan Rojas,R,PHI,23,120,363,338,82,12,3,3,47,32,69,13,25,4,7,4,8,0,31.656,8,0.243,0.279,0.322,0.601,0.265,1.1653
Mauricio Dubon,R,HOU,29,137,428,402,108,25,0,4,45,47,55,16,3,2,6,2,3,5,42.844,7843956,0.269,0.296,0.361,0.657,0.286,1.1577
Maikel Garcia,R,KCR,24,157,626,575,133,27,5,7,84,58,103,42,37,2,7,0,4,5,59.887,546,0.231,0.281,0.332,0.613,0.27,1.1535
Royce Lewis,R,MIN,25,82,325,292,68,16,0,16,40,47,74,28,0,0,5,0,0,5,39.581,54,0.233,0.295,0.452,0.747,0.317,1.145
Luis Arraez,L,- - -,27,150,672,637,200,32,3,4,83,46,29,24,9,3,18,8,2,1,82.824,34,0.314,0.346,0.392,0.738,0.323,1.1285
Tyrone Taylor,R,NYM,30,128,345,319,79,22,3,7,46,35,80,19,10,2,4,5,1,1,39.424,987,0.248,0.299,0.401,0.7,0.304,1.1134
Jose Miranda,R,MIN,26,121,429,401,114,28,4,9,44,49,66,18,2,2,13,6,0,4,53.357,53,0.284,0.322,0.441,0.763,0.328,1.113
Leody Taveras,B,TEX,25,151,529,480,110,17,3,12,59,44,112,42,23,6,8,0,3,4,51.005,8,0.229,0.289,0.352,0.641,0.282,1.108
Zach McKinstry,L,DET,29,118,325,297,64,14,5,4,32,23,69,24,16,0,3,2,0,2,31.084,65479,0.215,0.277,0.337,0.614,0.27,1.0828
Mike Tauchman,L,CHC,33,109,350,298,74,12,1,7,50,29,70,47,6,2,7,4,0,1,41.727,978,0.248,0.357,0.366,0.723,0.325,1.0802
Brayan Rocchio,B,CLE,23,143,442,383,79,18,0,8,50,36,90,44,10,6,11,8,2,5,36.908,6,0.206,0.298,0.316,0.614,0.276,1.0788
Wenceel Perez,B,DET,24,112,425,389,94,16,6,9,51,37,92,32,9,5,5,1,2,1,45.099,987,0.242,0.3,0.383,0.683,0.299,1.0589
Michael Siani,L,STL,24,124,334,298,68,7,2,2,42,20,92,21,20,3,2,3,11,1,28.1,897,0.228,0.285,0.285,0.57,0.257,1.0579
Ronald Acuna Jr.,R,ATL,26,49,222,192,48,8,1,4,38,15,53,27,16,3,4,3,0,0,27.543,9,0.25,0.351,0.365,0.716,0.322,1.0274
Jonah Bride,R,MIA,28,71,272,232,64,10,0,11,30,39,55,30,0,1,9,3,0,7,38.05,354,0.276,0.357,0.461,0.818,0.351,1.0216
Mark Canha,R,- - -,35,125,462,393,95,20,0,7,46,42,96,51,7,0,10,13,0,5,51.073,379,0.242,0.344,0.346,0.69,0.31,1.0077
Paul Goldschmidt,R,STL,36,154,654,599,147,33,1,22,70,65,173,47,11,0,20,2,0,2,72.29,3,0.245,0.302,0.414,0.716,0.31,1.0064
Connor Wong,R,BOS,28,126,487,447,125,24,1,13,54,52,114,28,8,7,7,9,1,2,62.324,234,0.28,0.333,0.425,0.758,0.33,0.9962
Mike Trout,R,LAA,32,29,126,109,24,1,2,10,17,14,27,16,6,1,0,1,0,0,21.041,8,0.22,0.325,0.541,0.866,0.365,0.984
Josh Lowe,L,TBR,26,106,387,353,85,19,2,10,37,34,123,32,25,1,2,0,0,2,46.931,978,0.241,0.302,0.391,0.693,0.299,0.9759
Max Kepler,L,MIN,31,105,399,368,93,21,1,8,43,42,80,22,1,0,3,5,0,3,43.831,9,0.253,0.302,0.38,0.682,0.298,0.9654
Jacob Stallings,R,COL,34,82,281,243,64,17,1,9,31,36,65,27,0,0,10,9,1,1,38.479,2,0.263,0.357,0.453,0.81,0.353,0.9628
Jonny Deluca,R,TBR,25,107,362,332,72,12,4,6,29,31,77,24,16,6,1,4,2,0,32.468,987,0.217,0.278,0.331,0.609,0.269,0.9426
Jake Fraley,L,CIN,29,116,382,350,97,19,2,5,44,26,70,26,20,5,6,3,0,3,46.512,97,0.277,0.33,0.386,0.716,0.314,0.9371
Jorge Soler,R,- - -,32,140,574,493,119,34,1,21,83,64,141,68,1,0,9,6,0,4,77.286,97,0.241,0.338,0.442,0.78,0.34,0.9364
Ramon Urias,R,BAL,30,100,301,272,69,9,2,11,39,37,55,23,1,1,0,5,0,1,39.331,543,0.254,0.322,0.423,0.745,0.325,0.9279
Ozzie Albies,B,ATL,27,97,435,399,100,29,1,10,50,48,65,27,8,1,6,5,0,4,50.448,4,0.251,0.303,0.404,0.707,0.307,0.9241
Luis Torrens,R,NYM,28,46,130,118,27,8,0,3,14,15,28,9,0,1,5,2,0,1,11.663,2,0.229,0.292,0.373,0.665,0.292,0.9235
Orlando Arcia,R,ATL,29,155,602,551,120,24,0,17,50,46,128,41,2,0,16,2,1,7,51.553,6,0.218,0.271,0.354,0.625,0.273,0.8993
Pavin Smith,L,ARI,28,60,158,137,37,11,0,9,26,36,31,18,1,0,4,0,0,3,26.391,793,0.27,0.348,0.547,0.895,0.377,0.8884
Oswaldo Cabrera,B,NYY,25,108,326,299,74,11,0,8,47,36,63,21,4,2,6,1,2,3,32.231,54369,0.247,0.296,0.365,0.661,0.29,0.8814
Nicky Lopez,L,CHW,29,124,445,398,96,12,3,1,40,21,67,37,5,7,3,4,6,0,38.066,46,0.241,0.312,0.294,0.606,0.275,0.8615
Donovan Solano,R,SDP,36,96,309,283,81,13,0,8,31,35,65,22,2,1,6,3,0,1,40.388,53,0.286,0.343,0.417,0.76,0.333,0.8591
Ceddanne Rafaela,R,BOS,23,152,571,544,134,23,5,15,70,75,151,15,19,10,8,7,2,3,55.572,6845,0.246,0.274,0.39,0.664,0.286,0.8493
Tommy Edman,B,LAD,29,37,153,139,33,5,1,6,20,20,30,11,6,0,2,1,0,2,18.347,86,0.237,0.294,0.417,0.711,0.307,0.8422
Jason Heyward,L,- - -,34,87,258,228,48,12,2,10,33,37,53,22,5,0,3,4,0,3,28.842,978,0.211,0.288,0.412,0.7,0.3,0.8366
Masataka Yoshida,L,BOS,30,108,421,378,106,21,0,10,45,56,52,27,2,0,6,14,0,2,56.849,,0.28,0.349,0.415,0.764,0.336,0.7943
Luisangel Acuna,R,NYM,22,12,40,39,12,2,1,3,6,6,6,1,0,1,1,0,0,0,6.947,6,0.308,0.325,0.641,0.966,0.406,0.7811
Jorge Mateo,R,BAL,29,68,208,192,44,14,2,5,30,18,48,10,13,2,3,1,2,3,21.447,468,0.229,0.267,0.401,0.668,0.286,0.7807
Brendan Rodgers,R,COL,27,135,539,501,134,29,1,13,67,54,132,31,1,0,12,4,1,2,62.602,4,0.267,0.314,0.407,0.721,0.314,0.7802
Christian Vazquez,R,MIN,33,93,315,294,65,10,0,7,29,27,65,11,3,1,11,1,5,4,21.741,25,0.221,0.248,0.327,0.575,0.25,0.7794
Andy Ibanez,R,DET,31,99,244,224,54,9,1,5,30,32,63,15,2,3,2,3,0,2,23.823,45376,0.241,0.295,0.357,0.652,0.287,0.7742
Giancarlo Stanton,R,NYY,34,114,459,417,97,20,0,27,49,72,143,38,0,0,17,2,0,2,54.62,,0.233,0.298,0.475,0.773,0.33,0.774
Ramon Laureano,R,- - -,29,96,309,286,74,16,1,11,34,32,96,15,8,3,5,7,0,1,38.561,978,0.259,0.311,0.437,0.748,0.324,0.7556
Adrian Del Castillo,L,ARI,24,25,87,80,25,5,0,4,12,19,28,7,1,1,1,0,0,0,15.29,2,0.313,0.368,0.525,0.893,0.384,0.7479
Sean Murphy,R,ATL,29,71,264,233,45,5,1,10,18,25,67,27,0,0,7,3,0,1,23.197,2,0.193,0.284,0.352,0.636,0.281,0.7393
Abraham Toro,B,OAK,27,94,364,337,81,17,1,6,34,26,62,20,4,2,4,5,2,0,34.989,5437,0.24,0.293,0.35,0.643,0.283,0.7389
Enrique Hernandez,R,LAD,32,126,393,362,83,16,0,12,44,42,77,27,0,0,13,0,1,3,35.567,537684,0.229,0.281,0.373,0.654,0.285,0.7045
Dane Myers,R,MIA,28,44,108,95,25,6,1,3,17,19,36,8,4,1,0,3,0,2,15.549,987,0.263,0.333,0.442,0.775,0.335,0.6979
Nathan Lukes,L,TOR,29,22,91,76,23,4,2,1,13,10,9,10,1,0,1,0,2,3,13.967,798,0.303,0.371,0.447,0.818,0.351,0.6882
Miguel Amaya,R,CHC,25,117,363,328,76,13,2,8,32,47,62,23,0,0,5,4,5,3,34.605,2,0.232,0.288,0.357,0.645,0.283,0.6779
Rece Hinds,R,CIN,23,24,51,46,12,4,1,5,9,11,16,4,2,0,0,1,0,0,11.78,9,0.261,0.333,0.717,1.05,0.433,0.6778
Nolan Schanuel,L,LAA,22,147,607,519,130,19,0,13,62,54,103,68,10,1,14,9,3,7,69.202,3,0.25,0.343,0.362,0.705,0.315,0.6686
Sam Hilliard,L,COL,30,58,158,138,33,5,1,10,26,27,56,14,5,2,3,0,4,2,21.027,789,0.239,0.305,0.507,0.812,0.342,0.6644
Gio Urshela,R,- - -,32,126,461,432,108,19,1,9,34,51,72,23,0,0,13,1,0,5,42.484,53,0.25,0.286,0.361,0.647,0.281,0.6616
Trevor Story,R,BOS,31,26,106,94,24,7,0,2,8,10,33,11,6,3,2,1,0,0,12.494,6,0.255,0.34,0.394,0.734,0.318,0.6363
Junior Caminero,R,TBR,20,43,177,165,41,9,1,6,15,18,38,11,2,0,2,1,0,0,21.218,53,0.248,0.299,0.424,0.723,0.309,0.6326
Jhonkensy Noel,R,CLE,22,67,198,179,39,7,1,13,25,28,63,13,0,0,1,5,0,1,26.077,93,0.218,0.288,0.486,0.774,0.331,0.6103
Will Wagner,L,TOR,25,24,86,82,25,6,0,2,8,11,16,4,0,0,3,0,0,0,11.5,4,0.305,0.337,0.451,0.788,0.342,0.606
Leo Jimenez,R,TOR,23,63,210,179,41,11,0,4,18,19,59,12,0,0,6,16,0,3,21.852,64,0.229,0.329,0.358,0.687,0.308,0.6017
Alex Verdugo,L,NYY,28,149,621,559,130,28,1,13,74,61,93,49,2,1,14,1,2,10,58.263,798,0.233,0.291,0.356,0.647,0.283,0.5992
Rafael Marchan,B,PHI,25,17,56,51,15,4,0,3,8,6,8,3,0,0,1,1,1,0,9.501,2,0.294,0.345,0.549,0.894,0.382,0.5955
Alec Burleson,L,STL,25,152,595,547,147,20,0,21,71,78,76,35,9,4,8,4,1,6,72.904,973,0.269,0.314,0.42,0.734,0.319,0.5901
J.D. Martinez,R,NYM,36,119,495,434,102,24,1,16,46,69,141,49,0,0,17,6,0,2,54.557,,0.235,0.32,0.406,0.726,0.318,0.5838
Triston Casas,L,BOS,24,63,243,212,51,8,0,13,28,32,77,30,0,1,6,1,0,0,32.414,3,0.241,0.337,0.462,0.799,0.342,0.5692
Trey Sweeney,L,DET,24,36,119,110,24,5,0,4,11,17,32,7,2,0,3,1,0,1,10.879,6,0.218,0.269,0.373,0.642,0.279,0.5659
Danny Jansen,R,- - -,29,91,324,278,57,13,0,9,35,24,61,40,0,0,4,3,0,3,32.516,2,0.205,0.309,0.349,0.658,0.294,0.5616
Nick Fortes,R,MIA,27,110,335,308,70,16,0,4,28,29,41,11,0,1,6,4,7,5,25.179,2,0.227,0.259,0.318,0.577,0.252,0.5571
Kevin Pillar,R,- - -,35,100,314,284,65,16,1,8,38,45,69,16,12,3,10,10,1,3,30.326,879,0.229,0.291,0.377,0.668,0.293,0.5474
Elias Diaz,R,- - -,33,96,351,325,86,20,0,6,27,39,69,20,0,0,15,4,0,2,35.391,2,0.265,0.313,0.382,0.695,0.302,0.5439
Austin Barnes,R,LAD,34,54,156,140,37,3,0,1,12,11,36,14,3,0,3,0,2,0,15.151,2,0.264,0.331,0.307,0.638,0.289,0.5355
Kyle Farmer,R,MIN,33,107,242,215,46,13,1,5,26,25,49,19,3,5,6,6,0,2,21.035,456,0.214,0.293,0.353,0.646,0.285,0.5346
Luis Robert Jr.,R,CHW,26,100,425,393,88,19,0,14,47,35,141,28,23,6,8,2,0,1,41.394,8,0.224,0.278,0.379,0.657,0.285,0.528
Starling Marte,R,NYM,35,92,370,335,90,13,3,7,44,40,81,27,16,1,8,3,3,2,44.538,9,0.269,0.327,0.388,0.715,0.313,0.5273
Brett Wisely,L,SFG,25,91,272,252,60,13,1,4,25,31,65,13,2,3,3,2,2,3,23.983,465,0.238,0.278,0.345,0.623,0.272,0.5237
Connor Joe,R,PIT,31,123,416,364,83,22,1,9,49,36,91,44,2,2,7,6,0,2,44.36,397,0.228,0.32,0.368,0.688,0.305,0.4929
Dairon Blanco,R,KCR,31,88,132,120,31,4,0,4,37,13,32,8,31,7,2,1,1,1,15.737,798,0.258,0.308,0.392,0.7,0.306,0.4887
Dylan Crews,R,WSN,22,31,132,119,26,5,1,3,12,8,26,11,12,3,4,1,0,1,12.184,98,0.218,0.288,0.353,0.641,0.283,0.4879
Andrew McCutchen,R,PIT,37,120,515,448,104,18,1,20,66,50,133,58,3,2,9,7,0,2,62.353,9,0.232,0.328,0.411,0.739,0.324,0.4861
Garrett Hampson,R,KCR,29,113,231,213,49,13,1,0,16,16,59,14,7,2,3,0,2,2,18.419,8479365,0.23,0.275,0.3,0.575,0.255,0.4826
Brett Baty,L,NYM,24,50,171,153,35,3,0,4,15,16,42,16,0,0,3,1,1,0,15.669,5,0.229,0.306,0.327,0.633,0.282,0.4745
Trent Grisham,L,NYY,27,76,209,179,34,8,0,9,21,31,57,22,1,1,5,4,1,2,20.141,8,0.19,0.29,0.385,0.675,0.295,0.4732
Will Brennan,L,CLE,26,114,353,330,87,13,2,8,37,30,48,19,4,2,9,3,0,1,37.701,978,0.264,0.309,0.388,0.697,0.303,0.471
Jarred Kelenic,L,ATL,24,130,449,412,95,18,2,15,49,44,133,32,7,2,5,1,1,3,47.441,78,0.231,0.286,0.393,0.679,0.294,0.4589
Pedro Pages,R,STL,25,68,218,202,48,3,2,7,19,27,58,13,2,0,7,0,1,2,20.307,2,0.238,0.281,0.376,0.657,0.286,0.457
Miguel Andujar,R,OAK,29,75,319,302,86,14,1,4,31,30,42,13,3,2,10,3,0,1,33.924,7,0.285,0.32,0.377,0.697,0.306,0.4439
Ryan Bliss,R,SEA,24,33,71,63,14,3,1,2,10,9,22,5,5,3,1,1,2,0,6.806,4,0.222,0.29,0.397,0.687,0.3,0.4316
Michael A. Taylor,R,PIT,33,113,300,269,52,9,1,5,35,21,105,23,12,1,3,0,4,4,22.337,87,0.193,0.253,0.29,0.543,0.242,0.4299
Eguy Rosario,R,SDP,24,30,57,53,13,6,0,3,5,6,20,2,0,0,1,1,1,0,7.711,5,0.245,0.286,0.528,0.814,0.345,0.4287
Emmanuel Rivera,R,- - -,28,123,302,265,63,9,2,5,24,29,69,26,2,0,7,5,1,5,29.736,53,0.238,0.312,0.343,0.655,0.291,0.4286
Whit Merrifield,R,- - -,35,94,335,293,65,9,3,4,43,15,52,35,16,3,7,3,4,0,31.17,475,0.222,0.311,0.314,0.625,0.283,0.4257
David Peralta,L,SDP,36,91,260,236,63,11,0,8,35,28,54,22,2,0,3,2,0,0,34.014,97,0.267,0.335,0.415,0.75,0.329,0.423
Cesar Salazar,L,HOU,28,12,32,25,8,2,0,0,5,8,6,2,0,0,0,2,1,2,4.725,2,0.32,0.387,0.4,0.787,0.343,0.4216
Nick Ahmed,R,- - -,34,71,228,210,48,6,1,2,20,17,51,11,2,1,6,1,3,3,16.105,64,0.229,0.267,0.295,0.562,0.248,0.4195
Austin Hedges,R,CLE,31,66,146,132,20,3,0,2,12,15,50,6,2,0,2,3,3,2,6.469,2,0.152,0.203,0.22,0.423,0.191,0.4145
Michael Toglia,B,COL,25,116,458,399,87,14,3,25,62,55,147,54,10,1,7,1,0,3,59.388,39,0.218,0.311,0.456,0.767,0.329,0.4141
Jonathan Aranda,L,TBR,26,44,143,128,30,7,0,6,22,14,32,12,0,0,2,2,0,1,17.376,34,0.234,0.308,0.43,0.738,0.32,0.4095
Davis Schneider,R,TOR,25,135,454,397,76,19,1,13,48,46,144,47,6,0,2,5,0,5,43.084,74,0.191,0.282,0.343,0.625,0.277,0.4094
Griffin Conine,L,MIA,26,30,89,82,22,4,1,3,14,12,28,6,0,0,1,1,0,0,12.213,97,0.268,0.326,0.451,0.777,0.337,0.4091
Juan Yepez,R,WSN,26,62,249,226,64,15,0,6,32,26,42,18,2,1,9,1,1,3,30.801,3,0.283,0.335,0.429,0.764,0.331,0.4014
Thairo Estrada,R,SFG,28,96,381,364,79,15,2,9,43,47,76,10,2,2,8,5,0,2,28.877,4,0.217,0.247,0.343,0.59,0.256,0.3791
Jared Triolo,R,PIT,26,125,446,394,85,10,1,9,41,46,118,42,8,1,5,5,0,5,40.393,5463,0.216,0.296,0.315,0.611,0.275,0.378
Garrett Stubbs,L,PHI,31,54,187,164,34,4,1,1,18,11,50,17,5,0,0,4,0,1,15.252,2,0.207,0.296,0.262,0.558,0.258,0.3758
Steward Berroa,B,TOR,25,28,45,37,7,1,0,0,7,1,14,8,6,2,0,0,0,0,3.813,97,0.189,0.333,0.216,0.549,0.268,0.3739
Nick Castellanos,R,PHI,32,162,659,606,154,30,4,23,80,86,139,41,6,2,14,10,0,2,79.701,9,0.254,0.311,0.431,0.742,0.321,0.3717
Casey Schmitt,R,SFG,25,40,113,107,27,4,1,6,11,16,25,4,0,0,2,1,0,1,14.023,465,0.252,0.283,0.477,0.76,0.323,0.3664
Austin Wynns,R,CIN,33,7,20,19,7,4,0,0,3,2,5,0,0,0,0,1,0,0,4.504,2,0.368,0.4,0.579,0.979,0.419,0.3619
Weston Wilson,R,PHI,29,40,98,88,25,7,1,3,13,10,29,8,3,0,2,1,0,1,15.484,7594,0.284,0.347,0.489,0.836,0.358,0.3605
Nasim Nunez,B,WSN,23,51,78,61,15,1,0,0,14,1,15,12,8,2,1,0,5,0,7.963,6,0.246,0.37,0.262,0.632,0.3,0.3476
Gary Sanchez,R,MIL,31,89,280,245,54,7,1,11,30,37,76,27,0,0,9,5,0,3,29.117,23,0.22,0.307,0.392,0.699,0.307,0.3438
Bligh Madris,L,DET,28,21,75,67,18,3,0,1,8,5,20,6,0,0,0,0,0,1,8.458,3,0.269,0.324,0.358,0.682,0.301,0.3315
Kevin Kiermaier,L,- - -,34,116,281,259,51,9,3,5,31,26,86,12,6,2,4,2,7,1,19.3,8,0.197,0.237,0.313,0.55,0.241,0.3243
Tyler Freeman,R,CLE,25,118,383,330,69,14,1,7,48,32,53,28,11,6,15,19,3,3,31.452,8645,0.209,0.305,0.321,0.626,0.283,0.3238
Heston Kjerstad,L,BAL,25,39,114,99,25,2,0,4,8,14,33,10,1,0,0,5,0,0,15.053,79,0.253,0.351,0.394,0.745,0.327,0.3128
Josh Jung,R,TEX,26,46,188,178,47,5,1,7,19,16,48,8,4,0,1,1,0,1,23.387,5,0.264,0.298,0.421,0.719,0.311,0.3098
Tyler Soderstrom,L,OAK,22,61,213,189,44,10,0,9,18,26,53,20,0,0,7,3,0,1,24.575,3,0.233,0.315,0.429,0.744,0.322,0.3094
Nick Sogard,B,BOS,26,31,86,77,21,4,0,0,13,8,25,7,3,0,4,0,0,2,8.21,456,0.273,0.326,0.325,0.651,0.289,0.3075
Bo Bichette,R,TOR,26,81,336,311,70,16,1,4,29,31,64,20,5,1,12,3,0,2,26.038,6,0.225,0.277,0.322,0.599,0.264,0.3041
Billy Cook,R,PIT,25,16,49,49,11,2,0,3,5,8,19,0,1,0,0,0,0,0,5.056,3879,0.224,0.224,0.449,0.673,0.285,0.3028
David Bote,R,CHC,31,37,48,46,14,4,0,0,4,6,13,2,0,0,1,0,0,0,5.788,54,0.304,0.333,0.391,0.724,0.317,0.2952
Jon Berti,R,NYY,34,25,74,66,18,0,0,1,10,6,14,6,5,1,2,1,1,0,7.712,54,0.273,0.342,0.318,0.66,0.3,0.2924
Daniel Schneemann,L,CLE,27,73,221,193,42,10,2,5,17,22,70,25,3,2,1,0,0,3,23.347,685947,0.218,0.303,0.368,0.671,0.295,0.2917
Nolan Gorman,L,STL,24,107,402,365,74,15,0,19,42,50,151,34,6,1,2,1,0,2,41.925,4,0.203,0.271,0.4,0.671,0.29,0.2889
Yoan Moncada,B,CHW,29,12,45,40,11,3,1,0,4,0,11,5,1,0,2,0,0,0,5.544,5,0.275,0.356,0.4,0.756,0.333,0.2745
Chadwick Tromp,R,ATL,29,19,54,52,13,6,0,0,3,6,17,1,0,0,2,0,0,1,4.396,2,0.25,0.259,0.365,0.624,0.266,0.273
Christian Bethancourt,R,- - -,32,62,147,139,29,7,0,5,18,22,36,5,3,0,2,1,2,0,12.383,2,0.209,0.241,0.367,0.608,0.263,0.271
Eric Haase,R,MIL,31,30,69,66,18,1,0,5,10,14,28,3,0,0,0,0,0,0,10.585,2,0.273,0.304,0.515,0.819,0.35,0.2699
Amed Rosario,R,- - -,28,103,346,332,93,18,3,3,29,32,73,9,13,5,10,4,0,1,35.942,9465,0.28,0.306,0.38,0.686,0.299,0.2691
Stone Garrett,R,WSN,28,2,6,5,3,1,0,1,2,3,0,1,0,0,0,0,0,0,4.84,,0.6,0.667,1.4,2.067,0.812,0.2673
Austin Shenton,L,TBR,26,19,50,42,9,5,0,1,3,3,14,8,0,0,1,0,0,0,6.106,3,0.214,0.34,0.405,0.745,0.33,0.2634
Zach Remillard,R,CHW,30,15,39,33,8,1,1,0,3,1,10,5,1,0,1,0,1,0,4.105,4567,0.242,0.342,0.333,0.675,0.305,0.2562
James McCann,R,BAL,34,65,233,214,50,9,0,8,27,31,56,13,1,0,3,2,0,4,23.815,2,0.234,0.279,0.388,0.667,0.288,0.2509
Jorge Polanco,B,SEA,30,118,468,416,89,11,0,16,43,45,137,46,4,2,16,4,0,2,42.231,4,0.214,0.297,0.356,0.653,0.288,0.2404
Blake Sabol,L,SFG,26,11,38,32,10,2,0,0,3,1,9,5,0,0,0,1,0,0,5.6,2,0.313,0.421,0.375,0.796,0.352,0.2239
Alexander Canario,R,CHC,24,15,28,25,7,1,0,1,4,2,11,2,1,0,0,1,0,0,4.393,79,0.28,0.357,0.44,0.797,0.35,0.2214
Stuart Fairchild,R,CIN,28,94,233,209,45,8,0,8,33,30,60,17,13,1,1,4,2,1,24.935,897,0.215,0.286,0.368,0.654,0.288,0.2158
Austin Hays,R,- - -,28,85,255,235,60,18,0,5,26,20,59,9,2,2,2,8,1,2,28.559,7,0.255,0.303,0.396,0.699,0.303,0.2077
Drew Millas,B,WSN,26,20,62,57,14,1,0,1,7,1,16,5,4,0,1,0,0,0,6.207,2,0.246,0.306,0.316,0.622,0.28,0.207
Buddy Kennedy,R,- - -,25,14,26,21,4,1,0,1,3,6,7,4,1,0,0,0,0,1,3.102,45,0.19,0.308,0.381,0.689,0.301,0.2016
Kyle McCann,L,OAK,26,54,157,140,33,4,0,5,13,15,59,16,0,0,2,1,0,0,17.17,2,0.236,0.318,0.371,0.689,0.304,0.1978
Luis Urias,R,SEA,27,41,109,94,18,7,0,4,11,16,34,9,0,0,2,6,0,0,11.632,5,0.191,0.303,0.394,0.697,0.309,0.1931
TJ Friedl,L,CIN,28,85,341,297,67,5,1,13,35,55,52,26,9,1,1,12,2,4,39.472,8,0.226,0.31,0.38,0.69,0.305,0.1918
Eli White,R,ATL,30,33,42,39,11,1,1,1,8,4,12,1,2,1,1,1,0,0,4.98,978,0.282,0.333,0.436,0.769,0.335,0.1907
Romy Gonzalez,R,BOS,27,89,216,199,53,10,1,6,25,29,58,12,11,3,5,1,0,4,25.289,436598,0.266,0.306,0.417,0.723,0.311,0.1851
Mason McCoy,R,SDP,29,19,57,49,10,2,0,0,7,3,19,5,1,0,2,0,3,0,3.508,6,0.204,0.278,0.245,0.523,0.241,0.177
Jose Herrera,B,ARI,27,42,114,97,22,4,1,1,11,13,27,9,0,0,1,0,7,1,9.868,2,0.227,0.29,0.32,0.61,0.271,0.1728
Darren Baker,L,WSN,25,9,14,14,7,2,0,0,1,0,3,0,0,0,0,0,0,0,4.5,4,0.5,0.5,0.643,1.143,0.494,0.1685
Jung Hoo Lee,L,SFG,25,37,158,145,38,4,0,2,15,8,13,10,2,3,2,1,0,2,14.743,8,0.262,0.31,0.331,0.641,0.284,0.1602
Derek Hill,R,- - -,28,53,172,162,39,4,2,7,19,25,56,5,6,2,2,2,2,1,18.192,879,0.241,0.271,0.42,0.691,0.296,0.1574
Reese McGuire,L,BOS,29,53,158,139,29,3,0,3,10,18,39,13,3,0,4,2,1,3,12.289,2,0.209,0.28,0.295,0.575,0.259,0.1569
Dustin Harris,L,TEX,24,2,7,6,2,1,0,1,1,3,2,1,0,0,0,0,0,0,2.683,,0.333,0.429,1,1.429,0.57,0.1541
Jo Adell,R,LAA,25,130,451,405,84,15,2,20,54,62,126,35,15,10,9,7,0,3,43.518,98,0.207,0.28,0.402,0.682,0.296,0.1508
Cavan Biggio,L,- - -,29,78,224,188,37,5,0,5,27,19,72,24,2,0,1,8,2,0,20.645,4539,0.197,0.314,0.303,0.617,0.285,0.1502
Diego Castillo,R,MIN,26,4,8,6,2,1,0,0,3,2,1,2,0,0,0,0,0,0,1.76,5,0.333,0.5,0.5,1,0.439,0.1492
Tomas Nido,R,- - -,30,49,140,130,25,4,0,4,14,12,35,5,0,0,1,0,3,2,9.301,2,0.192,0.219,0.315,0.534,0.231,0.1476
Matt Duffy,R,TEX,33,4,10,7,2,0,0,0,2,0,1,2,0,0,0,1,0,0,1.39,5,0.286,0.5,0.286,0.786,0.386,0.1451
Dominic Smith,L,- - -,29,93,307,275,64,22,0,6,33,34,76,28,1,1,7,4,0,0,32.345,3,0.233,0.313,0.378,0.691,0.306,0.1444
Matthew Batten,R,SDP,29,1,3,3,1,0,1,0,0,0,0,0,0,0,0,0,0,0,1,,0.333,0.333,1,1.333,0.53,0.1403
Spencer Torkelson,R,DET,24,92,381,342,75,21,1,10,45,37,105,33,0,0,6,4,0,1,38.534,3,0.219,0.295,0.374,0.669,0.295,0.1387
Rhys Hoskins,R,MIL,31,131,517,449,96,14,0,26,59,82,149,53,3,0,11,7,0,6,58.569,3,0.214,0.303,0.419,0.722,0.313,0.1383
Brandon Crawford,L,STL,37,28,80,71,12,5,0,1,5,4,26,8,0,0,0,1,0,0,5.864,65,0.169,0.263,0.282,0.545,0.248,0.1378
Kody Clemens,L,PHI,28,43,120,114,25,9,1,5,17,18,29,5,0,0,2,1,0,0,12.702,3547,0.219,0.258,0.447,0.705,0.301,0.1338
Oliver Dunn,L,MIL,26,41,104,95,21,2,2,1,11,7,40,6,3,0,1,2,1,0,9.197,5,0.221,0.282,0.316,0.598,0.266,0.1305
David Dahl,L,PHI,30,19,62,58,12,2,0,3,6,8,21,3,0,0,0,0,0,1,5.879,79,0.207,0.242,0.397,0.639,0.273,0.1297
Joey Loperfido,L,- - -,25,81,262,243,52,13,4,4,24,25,95,13,4,2,3,4,1,1,22.605,789,0.214,0.264,0.35,0.614,0.268,0.1199
Ehire Adrianza,B,LAA,34,8,28,26,5,1,0,1,4,2,11,2,0,0,1,0,0,0,2.04,54,0.192,0.25,0.346,0.596,0.262,0.1177
Luis Guillorme,L,- - -,29,77,187,161,33,9,1,0,14,10,36,23,4,2,7,0,1,2,13.477,456,0.205,0.301,0.273,0.574,0.263,0.1174
Joshua Palacios,L,PIT,28,23,78,67,15,2,0,2,10,9,12,10,1,0,1,1,0,0,8.455,978,0.224,0.333,0.343,0.676,0.307,0.1155
Thomas Saggese,R,STL,22,18,52,49,10,2,0,1,5,4,14,2,0,0,0,1,0,0,3.945,465,0.204,0.25,0.306,0.556,0.247,0.1137
Jonatan Clase,B,- - -,22,26,66,61,15,2,0,1,7,5,17,3,3,1,1,2,0,0,6.235,78,0.246,0.303,0.328,0.631,0.283,0.1056
Evan Carter,L,TEX,21,45,162,144,27,6,2,5,23,15,43,15,2,0,1,2,0,1,15.39,798,0.188,0.272,0.361,0.633,0.278,0.105
Lenyn Sosa,R,CHW,24,100,369,351,89,13,0,8,28,35,77,12,3,1,5,3,2,1,35.259,54,0.254,0.283,0.359,0.642,0.28,0.1032
Jason Delay,R,PIT,29,7,19,15,3,3,0,0,1,6,0,3,0,0,0,0,1,0,2.305,2,0.2,0.333,0.4,0.733,0.324,0.1021
Cal Stevenson,L,PHI,27,18,27,24,6,3,0,0,2,6,4,3,0,0,1,0,0,0,2.898,89,0.25,0.333,0.375,0.708,0.314,0.0996
Mickey Moniak,L,LAA,26,124,418,392,86,17,2,14,48,49,114,21,8,4,3,4,0,1,39.853,897,0.219,0.266,0.38,0.646,0.281,0.0939
Ezequiel Duran,R,TEX,25,92,285,268,66,11,0,3,26,20,63,14,1,2,6,2,0,1,23.68,573649,0.246,0.288,0.321,0.609,0.27,0.0923
Hunter Feduccia,L,LAD,27,5,14,12,4,0,0,0,2,1,2,2,0,0,1,0,0,0,1.614,2,0.333,0.429,0.333,0.762,0.35,0.0899
Connor Norby,R,- - -,24,45,194,178,42,9,0,9,32,20,64,15,3,3,2,0,0,1,22.51,54,0.236,0.294,0.438,0.732,0.316,0.0892
Greg Jones,B,COL,26,6,6,5,1,0,0,1,1,1,4,1,0,0,0,0,0,0,1.42,9,0.2,0.333,0.8,1.133,0.456,0.0854
Jace Jung,L,DET,23,34,94,79,19,5,0,0,14,3,29,15,0,1,3,0,0,0,8.904,5,0.241,0.362,0.304,0.666,0.308,0.0848
Livan Soto,L,- - -,24,13,16,13,3,1,0,0,1,0,3,3,0,0,0,0,0,0,1.792,4,0.231,0.375,0.308,0.683,0.318,0.0759
Estevan Florial,L,CLE,26,36,111,98,17,6,2,3,11,11,41,11,2,1,2,1,1,0,9.529,798,0.173,0.264,0.367,0.631,0.277,0.0747
Michael Helman,R,MIN,28,9,10,10,3,2,0,0,2,0,3,0,0,0,0,0,0,0,1.5,8,0.3,0.3,0.5,0.8,0.339,0.0741
Ke'Bryan Hayes,R,PIT,27,96,396,365,85,9,0,4,38,25,75,23,11,2,12,4,0,4,29.836,5,0.233,0.283,0.29,0.573,0.256,0.0727
Jordyn Adams,R,LAA,24,11,38,35,8,0,0,1,4,4,12,3,2,0,1,0,0,0,3.374,98,0.229,0.289,0.314,0.603,0.271,0.072
Andres Chaparro,R,WSN,25,33,132,121,26,12,0,4,12,15,24,7,1,1,3,4,0,0,13.345,3,0.215,0.28,0.413,0.693,0.301,0.0671
Brooks Baldwin,B,CHW,23,33,121,114,24,6,0,2,9,8,31,6,4,0,1,0,1,0,9.625,46,0.211,0.25,0.316,0.566,0.249,0.0619
Jahmai Jones,R,NYY,26,33,47,42,10,1,1,1,8,4,16,2,1,1,0,2,1,0,5.001,749,0.238,0.304,0.381,0.685,0.302,0.0613
Oswald Peraza,R,NYY,24,4,11,10,2,0,0,1,2,1,3,1,0,0,0,0,0,0,1.435,5,0.2,0.273,0.5,0.773,0.329,0.0581
Dominic Canzone,L,SEA,26,67,188,168,33,7,0,8,20,17,53,18,1,0,5,0,0,2,17.059,97,0.196,0.271,0.381,0.652,0.28,0.0567
Charlie Blackmon,L,COL,37,124,499,449,115,24,5,12,59,52,86,43,6,2,4,6,0,1,63.599,9,0.256,0.329,0.412,0.741,0.323,0.0553
Leonardo Rivas,B,SEA,26,43,86,73,17,1,1,0,10,8,24,10,3,0,1,1,2,0,7.993,64,0.233,0.333,0.274,0.607,0.282,0.0523
Jacob Wilson,R,OAK,22,28,103,92,23,2,2,0,11,3,10,8,0,0,4,1,1,1,8.802,6,0.25,0.314,0.315,0.629,0.281,0.0521
Charles Leblanc,R,LAA,28,11,28,21,4,0,0,2,6,6,9,7,0,0,0,0,0,0,4.644,543,0.19,0.393,0.476,0.869,0.382,0.0494
Jake Bauers,L,MIL,28,116,346,302,60,9,2,12,45,43,118,39,13,1,0,5,0,0,37.788,379,0.199,0.301,0.361,0.662,0.294,0.0476
Ildemaro Vargas,B,WSN,32,95,303,272,67,16,0,1,21,30,31,19,9,4,9,2,5,5,25.084,5476,0.246,0.295,0.316,0.611,0.271,0.0447
Samad Taylor,R,SEA,25,3,5,5,2,0,0,0,2,0,1,0,0,0,0,0,0,0,0.8,7,0.4,0.4,0.4,0.8,0.353,0.0395
Brandon Lockridge,R,SDP,27,12,12,12,2,0,0,1,4,1,4,0,2,0,0,0,0,0,1.007,987,0.167,0.167,0.417,0.584,0.244,0.0392
Cade Marlowe,L,SEA,27,8,9,8,2,0,0,0,1,0,1,1,0,0,1,0,0,0,0.502,9,0.25,0.333,0.25,0.583,0.273,0.0371
Tyler Heineman,B,- - -,33,7,16,12,1,0,0,0,2,0,6,3,0,0,0,1,0,0,0.637,2,0.083,0.313,0.083,0.396,0.229,0.0304
Kyle Manzardo,L,CLE,23,53,156,145,34,12,0,5,11,15,41,9,0,0,3,1,0,1,16.852,3,0.234,0.282,0.421,0.703,0.303,0.0272
Logan Driscoll,L,TBR,26,15,37,35,6,0,0,1,2,5,6,1,0,0,0,0,0,1,1.85,2,0.171,0.189,0.257,0.446,0.193,0.0259
Edouard Julien,L,MIN,25,94,301,266,53,9,0,8,36,21,102,33,6,0,2,2,0,0,28.063,4,0.199,0.292,0.323,0.615,0.278,0.0226
Cristian Pache,R,- - -,25,88,183,165,33,8,1,1,13,16,64,17,1,0,2,0,0,1,13.498,87,0.2,0.273,0.279,0.552,0.25,0.0193
Blake Dunn,R,CIN,25,19,29,26,4,1,0,1,8,1,11,2,2,0,1,1,0,0,2.032,789,0.154,0.241,0.308,0.549,0.247,0.0116
Myles Straw,R,CLE,29,7,4,4,1,0,0,0,2,0,0,0,2,0,0,0,0,0,0.51,8,0.25,0.25,0.25,0.5,0.22,0.0096
Eddy Alvarez,L,NYM,34,10,11,9,0,0,0,0,2,0,2,1,0,0,0,0,0,0,0.026,4,0,0.182,0,0.182,0.128,0.0077
Eric Wagaman,R,LAA,26,18,74,72,18,5,0,2,6,10,17,2,0,0,1,0,0,0,7.579,5,0.25,0.27,0.403,0.673,0.29,0.0061
Sam Huff,R,TEX,26,3,4,3,0,0,0,0,0,0,2,1,0,0,0,0,0,0,0.065,2,0,0.25,0,0.25,0.172,-0.0005
Carlos Narvaez,R,NYY,25,6,15,13,3,0,0,0,0,0,6,2,0,0,0,0,0,0,1.173,2,0.231,0.333,0.231,0.564,0.268,-0.0029
Matt Thaiss,L,LAA,29,57,186,157,32,9,0,2,14,16,58,28,3,0,2,0,0,1,17.575,2,0.204,0.323,0.299,0.622,0.286,-0.0096
Jorge Barrosa,B,ARI,23,8,18,17,3,2,0,0,3,1,2,0,1,0,0,0,1,0,1.007,8,0.176,0.176,0.294,0.47,0.199,-0.0099
DaShawn Keirsey,L,MIN,27,6,14,13,2,0,0,1,1,1,1,0,0,0,0,1,0,0,1.127,8,0.154,0.214,0.385,0.599,0.261,-0.0106
Rene Pinto,R,TBR,27,19,49,42,9,3,0,2,5,6,18,4,0,0,0,1,1,1,5.811,2,0.214,0.292,0.429,0.721,0.31,-0.012
Jose Devers,L,MIA,24,3,4,4,1,0,0,0,1,0,1,0,0,0,0,0,0,0,0.25,,0.25,0.25,0.25,0.5,0.22,-0.0124
Oscar Colas,L,CHW,25,13,38,33,9,0,0,0,1,4,10,4,0,1,0,1,0,0,3.524,98,0.273,0.368,0.273,0.641,0.3,-0.0134
Avisail Garcia,R,MIA,33,18,51,50,12,1,0,2,4,2,13,1,0,0,4,0,0,0,3.399,9,0.24,0.255,0.38,0.635,0.274,-0.0134
Jhonny Pereda,R,MIA,28,20,40,39,9,0,0,0,2,4,10,0,0,0,2,1,0,0,1.852,2,0.231,0.25,0.231,0.481,0.216,-0.0167
Jackson Holliday,L,BAL,20,60,208,190,36,4,2,5,28,23,69,15,4,0,1,2,0,1,16.505,46,0.189,0.255,0.311,0.566,0.251,-0.0186
Jose Tena,L,- - -,23,44,168,161,43,5,0,3,14,15,41,7,6,1,1,0,0,0,17.697,54,0.267,0.298,0.354,0.652,0.286,-0.0187
Ben Gamel,L,- - -,32,38,99,81,20,4,0,1,22,4,24,18,1,0,0,0,0,0,12.26,97,0.247,0.384,0.333,0.717,0.327,-0.0213
David Banuelos,R,BAL,27,1,1,1,0,0,0,0,0,0,0,0,0,0,0,0,0,0,0,,0,0,0,0,0,-0.0218
Chris Roller,R,MIL,27,1,1,1,0,0,0,0,0,0,1,0,0,0,0,0,0,0,0,,0,0,0,0,0,-0.0222
J.P. Martinez,L,ATL,28,7,10,10,2,1,0,0,2,0,4,0,1,0,0,0,0,0,0.704,98,0.2,0.2,0.3,0.5,0.214,-0.023
Eric Yang,R,CIN,26,1,1,1,0,0,0,0,0,0,1,0,0,0,0,0,0,0,0,,0,0,0,0,0,-0.0233
Drew Waters,B,KCR,25,7,19,16,3,1,0,0,2,1,6,2,0,0,0,1,0,0,1.509,97,0.188,0.316,0.25,0.566,0.269,-0.025
Zach DeLoach,L,CHW,25,22,75,67,14,5,0,1,10,5,21,8,0,1,0,0,0,0,6.742,978,0.209,0.293,0.328,0.621,0.279,-0.025
David Fletcher,R,ATL,30,5,9,8,2,0,0,0,0,2,1,0,0,0,0,0,0,1,0.56,4,0.25,0.222,0.25,0.472,0.196,-0.0293
Seby Zavala,R,SEA,30,18,43,39,6,2,0,1,4,2,16,3,0,0,2,0,1,0,2.002,2,0.154,0.214,0.282,0.496,0.221,-0.033
Aaron Schunk,R,COL,26,39,98,94,22,3,0,2,14,7,31,4,0,1,0,0,0,0,8.107,456,0.234,0.265,0.33,0.595,0.257,-0.0365
Daniel Johnson,L,BAL,28,1,1,1,0,0,0,0,1,0,0,0,0,0,0,0,0,0,0,,0,0,0,0,0,-0.0381
Jakson Reetz,R,SFG,28,6,15,14,2,1,0,1,1,1,5,1,0,0,1,0,0,0,0.835,2,0.143,0.2,0.429,0.629,0.266,-0.0386
Santiago Espinal,R,CIN,29,118,391,357,88,12,0,9,32,45,54,24,11,1,7,2,4,4,38.87,54679,0.246,0.295,0.356,0.651,0.285,-0.044
Willie Calhoun,L,LAA,29,68,254,229,56,16,0,5,26,20,31,23,0,1,5,1,0,1,27.24,3,0.245,0.315,0.38,0.695,0.305,-0.0446
Billy McKinney,L,PIT,29,10,28,25,5,1,0,0,4,2,13,2,0,0,1,1,0,0,1.695,79,0.2,0.286,0.24,0.526,0.246,-0.0467
Angel Martinez,B,CLE,22,43,169,151,35,7,0,3,16,11,33,15,3,1,2,0,1,2,16.136,87954,0.232,0.298,0.338,0.636,0.282,-0.0486
Dillon Dingler,R,DET,25,27,87,84,14,5,2,1,2,11,30,3,0,0,2,0,0,0,4.617,2,0.167,0.195,0.31,0.505,0.217,-0.0528
Jacob Hurtubise,L,CIN,26,29,68,54,10,1,1,0,7,4,18,6,2,0,0,3,4,1,5.303,79,0.185,0.297,0.241,0.538,0.253,-0.0554
Jose Azocar,R,SDP,28,61,79,73,16,2,0,0,13,2,19,5,5,1,1,0,1,0,5.392,789,0.219,0.269,0.247,0.516,0.235,-0.0581
Gustavo Campero,B,LAA,26,13,48,46,11,0,1,1,6,6,8,0,3,0,0,2,0,0,4.897,9,0.239,0.271,0.348,0.619,0.271,-0.063
Nick Yorke,R,PIT,22,11,42,37,8,0,0,2,4,5,12,4,2,0,0,0,0,1,4.743,4957,0.216,0.286,0.378,0.664,0.289,-0.0636
Conner Capel,L,CIN,27,5,8,8,2,0,0,0,1,0,2,0,1,0,0,0,0,0,0.63,,0.25,0.25,0.25,0.5,0.22,-0.0665
Jon Singleton,L,HOU,32,119,405,355,83,13,1,13,46,42,111,47,0,0,2,0,0,3,47.654,3,0.234,0.321,0.386,0.707,0.312,-0.0673
Orelvis Martinez,R,TOR,22,1,3,3,1,0,0,0,0,0,1,0,0,0,0,0,0,0,0.333,,0.333,0.333,0.333,0.666,0.294,-0.0678
Yuli Gurriel,R,KCR,40,18,65,54,13,3,0,0,7,6,15,9,1,0,1,0,0,2,6.429,3,0.241,0.338,0.296,0.634,0.289,-0.0716
Bryce Johnson,B,SDP,28,47,73,63,13,2,0,0,9,4,12,7,1,1,1,0,3,0,4.66,987,0.206,0.286,0.238,0.524,0.243,-0.0723
David Villar,R,SFG,27,11,37,35,9,4,0,1,3,4,13,1,0,0,0,0,0,1,4.535,3,0.257,0.27,0.457,0.727,0.305,-0.0743
Tyler Black,L,MIL,23,18,57,49,10,2,0,0,4,2,17,7,3,0,0,1,0,0,4.939,3,0.204,0.316,0.245,0.561,0.265,-0.0746
Tommy Pham,R,- - -,36,116,478,440,109,20,3,9,49,39,106,35,7,3,5,2,0,1,50.748,978,0.248,0.305,0.368,0.673,0.297,-0.0747
Vinny Capra,R,MIL,27,3,9,9,1,1,0,0,1,0,3,0,0,0,1,0,0,0,0,5,0.111,0.111,0.222,0.333,0.139,-0.075
Anthony Rendon,R,LAA,34,57,238,206,45,10,0,0,21,14,35,23,6,1,4,5,0,4,19.28,5,0.218,0.307,0.267,0.574,0.264,-0.0784
Ryan McKenna,R,- - -,27,13,15,14,3,0,0,2,4,2,5,1,1,1,0,0,0,0,1.956,987,0.214,0.267,0.643,0.91,0.378,-0.0795
Liover Peguero,R,PIT,23,3,10,10,2,1,0,0,0,2,3,0,0,0,0,0,0,0,0.6,6,0.2,0.2,0.3,0.5,0.214,-0.0827
Edwin Rios,L,CIN,30,5,10,9,1,0,0,0,1,0,4,1,0,0,0,0,0,0,0.252,3,0.111,0.2,0.111,0.311,0.157,-0.0867
Miguel Sano,R,LAA,31,28,95,83,17,3,0,2,9,6,36,9,0,0,2,2,0,1,8.041,53,0.205,0.295,0.313,0.608,0.275,-0.0891
Hunter Renfroe,R,KCR,32,120,424,385,88,18,0,15,44,52,84,36,1,1,10,2,0,1,43.917,9,0.229,0.297,0.392,0.689,0.302,-0.0915
Blaze Alexander,R,ARI,25,61,185,166,41,7,0,3,19,21,49,15,3,1,1,3,1,0,19.645,645,0.247,0.321,0.343,0.664,0.298,-0.093
Luis Vazquez,R,CHC,24,11,14,12,1,0,0,0,2,1,6,0,0,0,1,1,0,1,0.127,65,0.083,0.143,0.083,0.226,0.114,-0.0938
Jonah Heim,B,TEX,29,131,491,459,101,12,1,13,45,59,90,26,1,1,13,4,0,2,38.927,2,0.22,0.267,0.336,0.603,0.265,-0.1001
Aramis Garcia,R,PHI,31,3,7,7,0,0,0,0,0,0,3,0,0,0,1,0,0,0,0,2,0,0,0,0,0,-0.1042
Brian Anderson,R,ATL,31,3,5,5,0,0,0,0,0,0,2,0,0,0,1,0,0,0,0,9,0,0,0,0,0,-0.1076
Alex Jackson,R,TBR,28,58,155,139,17,7,0,3,17,12,53,12,1,0,2,2,1,1,7.147,2,0.122,0.201,0.237,0.438,0.2,-0.1115
Nick Maton,L,BAL,27,5,5,5,0,0,0,0,0,0,2,0,0,0,0,0,0,0,0,5,0,0,0,0,0,-0.1117
Sandro Fabian,R,TEX,26,3,5,5,0,0,0,0,0,0,0,0,0,0,0,0,0,0,0,7,0,0,0,0,0,-0.1127
Tyler Gentry,R,KCR,25,3,5,5,0,0,0,0,0,0,2,0,0,0,0,0,0,0,0,9,0,0,0,0,0,-0.1154
Brett Sullivan,L,SDP,30,7,17,16,3,0,0,1,1,2,4,1,0,0,0,0,0,0,1.473,2,0.188,0.235,0.375,0.61,0.265,-0.1155
Jair Camargo,R,MIN,24,5,7,6,0,0,0,0,1,0,3,1,0,0,0,0,0,0,0.037,,0,0.143,0,0.143,0.098,-0.1177
Jerar Encarnacion,R,SFG,26,35,119,113,28,5,0,5,13,19,34,5,1,0,0,0,0,1,13.96,973,0.248,0.277,0.425,0.702,0.301,-0.121
Luken Baker,R,STL,27,21,49,40,7,1,1,2,3,10,11,7,1,0,1,0,0,2,5.142,,0.175,0.286,0.4,0.686,0.294,-0.1229
Grant Koch,R,PIT,27,3,8,7,0,0,0,0,1,0,6,1,0,0,0,0,0,0,0.032,2,0,0.125,0,0.125,0.086,-0.1232
Taylor Trammell,L,- - -,26,10,8,7,1,0,0,0,2,0,3,1,0,0,0,0,0,0,0.315,79,0.143,0.25,0.143,0.393,0.196,-0.1241
Tony Kemp,L,BAL,32,5,10,9,0,0,0,0,1,0,1,1,0,0,0,0,0,0,0.026,4,0,0.1,0,0.1,0.069,-0.1305
Rob Brantly,L,TBR,34,3,9,9,1,0,0,0,0,0,2,0,0,0,0,0,0,0,0.111,2,0.111,0.111,0.111,0.222,0.098,-0.1348
Andrew Knapp,B,SFG,32,3,6,6,1,0,0,0,0,0,2,0,0,0,0,0,0,0,0.167,2,0.167,0.167,0.167,0.334,0.147,-0.1368
Duke Ellis,L,- - -,26,11,5,5,1,0,0,0,1,0,2,0,5,0,0,0,0,0,0.72,87,0.2,0.2,0.2,0.4,0.176,-0.1381
Andrew Vaughn,R,CHW,26,149,619,570,140,30,1,19,55,70,132,38,2,0,13,6,0,5,67.428,3,0.246,0.297,0.402,0.699,0.304,-0.1402
Bubba Thompson,R,CIN,26,17,18,18,2,1,0,0,5,0,11,0,5,0,1,0,0,0,0.311,8,0.111,0.111,0.167,0.278,0.119,-0.1427
Josh Bell,B,- - -,31,145,603,538,134,23,2,19,62,71,120,51,0,1,22,6,0,3,65.773,3,0.249,0.319,0.405,0.724,0.317,-0.1428
Austin Slater,R,- - -,31,84,212,177,37,4,0,2,24,18,60,26,3,2,5,5,0,4,16.89,978,0.209,0.321,0.266,0.587,0.273,-0.143
Jared Walsh,L,TEX,30,17,60,53,12,2,0,1,9,7,21,7,0,0,2,0,0,0,5.332,3,0.226,0.317,0.321,0.638,0.289,-0.1433
Kevin Alcantara,R,CHC,21,3,10,10,1,0,0,0,1,0,1,0,0,0,0,0,0,0,0.1,9,0.1,0.1,0.1,0.2,0.088,-0.1476
Trey Cabbage,L,HOU,27,45,91,86,18,8,0,1,12,8,34,4,1,1,1,1,0,0,7.112,97,0.209,0.253,0.337,0.59,0.258,-0.1484
Danny Mendick,R,CHW,30,47,141,132,26,7,0,3,13,8,35,6,6,0,3,2,1,0,10.492,54,0.197,0.243,0.318,0.561,0.247,-0.1489
Luis De Los Santos,R,TOR,26,13,31,29,5,2,0,0,2,1,10,2,0,0,2,0,0,0,1.213,5,0.172,0.226,0.241,0.467,0.211,-0.1507
Jonathan Ornelas,R,TEX,24,18,40,37,8,2,0,0,1,3,13,2,0,0,0,0,1,0,2.76,564,0.216,0.256,0.27,0.526,0.235,-0.1507
Cooper Hummel,B,HOU,29,6,8,8,0,0,0,0,0,0,2,0,1,0,1,0,0,0,-0.065,7,0,0,0,0,0,-0.1532
Brian Serven,R,TOR,29,28,71,63,10,4,0,0,6,3,22,5,0,0,0,2,1,0,3.912,2,0.159,0.243,0.222,0.465,0.217,-0.1559
Jamie Westbrook,R,BOS,29,21,48,40,6,2,0,2,4,7,14,4,0,0,0,1,0,2,3.824,4,0.15,0.234,0.35,0.584,0.252,-0.1566
Trenton Brooks,L,SFG,28,12,29,25,3,0,0,0,3,1,6,4,1,0,1,0,0,0,0.943,3,0.12,0.241,0.12,0.361,0.186,-0.1594
Jasson Dominguez,B,NYY,21,18,67,56,10,1,0,2,8,4,19,11,5,0,0,0,0,0,7.04,78,0.179,0.313,0.304,0.617,0.285,-0.1599
Brewer Hicklen,R,MIL,28,3,5,5,0,0,0,0,0,0,4,0,1,0,0,0,0,0,0,9,0,0,0,0,0,-0.1604
Rafael Ortega,L,CHW,33,14,17,14,1,0,0,0,4,1,4,2,2,0,1,0,0,1,0.362,8,0.071,0.176,0.071,0.247,0.133,-0.1616
Alek Thomas,L,ARI,24,39,103,95,18,5,1,3,13,17,17,7,4,1,7,0,1,0,6.341,8,0.189,0.245,0.358,0.603,0.262,-0.1622
Donovan Walton,L,SFG,30,9,25,22,3,0,0,1,3,2,7,2,0,0,2,1,0,0,1.085,4,0.136,0.24,0.273,0.513,0.236,-0.1646
Taylor Walls,B,TBR,27,84,252,218,40,5,3,1,27,14,67,31,16,4,3,0,0,3,18.27,6,0.183,0.282,0.248,0.53,0.245,-0.1658
Chas McCormick,R,HOU,29,94,267,242,51,6,1,5,32,27,72,17,8,2,3,4,1,3,21.505,798,0.211,0.271,0.306,0.577,0.257,-0.1682
Jason Vosler,L,SEA,30,10,30,28,5,1,1,0,2,3,9,2,0,0,0,0,0,0,1.988,3,0.179,0.233,0.286,0.519,0.229,-0.1684
Isaac Collins,B,MIL,26,11,19,17,2,0,0,0,0,0,10,2,1,0,0,0,0,0,0.64,7,0.118,0.211,0.118,0.329,0.165,-0.1691
Luke Williams,R,ATL,27,34,52,46,9,3,0,0,8,4,13,4,3,0,1,1,1,0,3.845,4576,0.196,0.275,0.261,0.536,0.246,-0.1737
Jack Lopez,R,LAA,31,27,71,67,17,3,0,1,4,6,25,2,0,1,2,1,1,0,5.818,46,0.254,0.286,0.343,0.629,0.277,-0.1756
D.J. Stewart,L,NYM,30,74,194,158,28,4,0,5,16,19,48,31,1,0,5,4,0,1,17.083,97,0.177,0.325,0.297,0.622,0.29,-0.1769
Javier Sanoja,R,MIA,21,15,36,35,8,2,0,0,3,2,4,1,0,0,2,0,0,0,1.995,4867,0.229,0.25,0.286,0.536,0.236,-0.179
Tyler Locklear,R,SEA,23,16,49,45,7,1,0,2,3,3,20,3,1,0,3,1,0,0,2.54,3,0.156,0.224,0.311,0.535,0.238,-0.1809
Levi Jordan,R,CIN,28,7,11,10,1,1,0,0,1,1,3,0,0,0,0,0,0,1,0.229,79,0.1,0.091,0.2,0.291,0.114,-0.1881
Benjamin Rice,L,NYY,25,50,178,152,26,6,0,7,20,23,48,20,0,1,2,1,0,5,15.093,3,0.171,0.264,0.349,0.613,0.269,-0.1893
Forrest Wall,L,- - -,28,16,35,32,8,0,0,0,4,1,8,3,4,3,0,0,0,0,2.482,79,0.25,0.314,0.25,0.564,0.261,-0.1909
Tristan Gray,L,- - -,28,15,31,28,3,1,0,0,0,0,16,3,0,0,0,0,0,0,0.925,35,0.107,0.194,0.143,0.337,0.164,-0.1937
Joey Gallo,L,WSN,30,76,260,223,36,9,0,10,24,27,102,32,3,1,1,4,0,1,23.272,39,0.161,0.277,0.336,0.613,0.276,-0.1959
Patrick Wisdom,R,CHC,32,75,174,158,27,7,2,8,16,23,59,10,5,0,1,4,1,1,15.926,3597,0.171,0.237,0.392,0.629,0.271,-0.199
Manuel Margot,R,MIN,29,129,343,315,75,17,1,4,37,31,54,21,5,0,10,3,1,3,30.338,798,0.238,0.289,0.337,0.626,0.276,-0.2036
David Hensley,R,MIA,28,23,58,52,11,1,0,1,9,4,17,6,1,0,0,0,0,0,5.006,937,0.212,0.293,0.288,0.581,0.265,-0.2099
Sam Haggerty,B,SEA,30,8,16,15,1,0,0,0,1,1,4,1,1,0,0,0,0,0,0.222,7,0.067,0.125,0.067,0.192,0.098,-0.2102
Matt Carpenter,L,STL,38,59,157,137,32,7,0,4,15,15,51,15,0,2,0,2,0,2,17.01,3,0.234,0.314,0.372,0.686,0.303,-0.2137
Seth Brown,L,OAK,31,124,400,372,86,11,1,14,32,44,112,25,4,2,7,2,0,1,39.161,739,0.231,0.282,0.379,0.661,0.289,-0.2179
Grant McCray,L,SFG,23,37,130,124,25,3,2,5,13,10,56,6,5,0,3,0,0,0,11.019,8,0.202,0.238,0.379,0.617,0.266,-0.2234
Zachary Dezenzo,R,HOU,24,19,65,62,15,2,0,2,5,8,22,3,0,0,3,0,0,0,5.488,35,0.242,0.277,0.371,0.648,0.283,-0.2246
Ali Sanchez,R,MIA,27,31,96,84,14,2,0,0,5,4,24,4,2,1,2,1,6,1,3.663,2,0.167,0.211,0.19,0.401,0.184,-0.2254
Kameron Misner,L,TBR,26,8,15,15,1,0,0,0,0,0,10,0,0,0,0,0,0,0,0.067,78,0.067,0.067,0.067,0.134,0.059,-0.2314
Gabriel Arias,R,CLE,24,53,161,153,34,9,1,3,15,15,53,6,5,2,4,1,0,1,12.813,5648379,0.222,0.255,0.353,0.608,0.263,-0.2316
Nick Loftin,R,KCR,25,56,171,148,28,4,0,1,15,14,24,19,1,0,4,1,1,2,10.879,4537,0.189,0.282,0.236,0.518,0.242,-0.2347
Adolis Garcia,R,TEX,31,154,637,580,130,27,0,25,68,85,177,45,11,5,12,6,0,6,65.286,9,0.224,0.284,0.4,0.684,0.296,-0.2354
Joey Wendle,L,NYM,34,18,37,36,8,1,0,0,3,1,9,1,1,0,0,0,0,0,2.379,456,0.222,0.243,0.25,0.493,0.219,-0.2355
Owen Miller,R,MIL,27,14,27,27,5,1,0,0,2,3,8,0,0,0,1,0,0,0,0.889,3,0.185,0.185,0.222,0.407,0.177,-0.237
Johnathan Rodriguez,R,CLE,24,13,40,31,4,1,0,0,6,5,14,9,0,0,1,0,0,0,2.202,9,0.129,0.325,0.161,0.486,0.253,-0.2458
Niko Kavadas,L,LAA,25,30,106,93,17,2,0,4,11,8,41,11,1,0,0,2,0,0,9.877,3,0.183,0.283,0.333,0.616,0.278,-0.2466
Andruw Monasterio,R,MIL,27,59,142,125,26,5,0,1,14,16,40,16,6,2,3,1,0,0,11.116,543,0.208,0.303,0.272,0.575,0.266,-0.2467
Austin Martin,R,MIN,25,93,257,233,59,18,1,1,41,16,47,20,7,3,4,2,2,0,26.605,874,0.253,0.318,0.352,0.67,0.297,-0.2483
Riley Adams,R,WSN,28,41,130,116,26,5,1,2,10,8,35,10,1,0,4,2,0,2,11.356,2,0.224,0.292,0.336,0.628,0.275,-0.2504
Anthony Rizzo,L,NYY,34,92,375,337,77,12,0,8,38,35,65,27,0,0,7,9,0,2,34.881,3,0.228,0.301,0.335,0.636,0.285,-0.2514
Armando Alvarez,R,OAK,29,16,39,37,9,1,0,0,7,2,8,2,1,0,1,0,0,0,2.831,5347,0.243,0.282,0.27,0.552,0.248,-0.2532
Keibert Ruiz,B,WSN,25,127,485,459,105,21,0,13,46,57,54,16,3,1,13,5,0,5,40.325,2,0.229,0.26,0.359,0.619,0.268,-0.2536
Esteury Ruiz,R,OAK,25,29,65,55,11,2,1,2,10,8,20,4,5,4,1,2,2,2,5.029,78,0.2,0.27,0.382,0.652,0.281,-0.2551
Brett Harris,R,OAK,26,36,123,103,15,3,0,3,15,12,25,17,0,3,3,2,0,1,7.389,5,0.146,0.276,0.262,0.538,0.252,-0.2601
Bryce Teodosio,R,LAA,25,5,12,12,1,0,0,0,1,0,5,0,0,0,0,0,0,0,0.083,8,0.083,0.083,0.083,0.166,0.073,-0.2644
James Outman,L,LAD,27,53,156,136,20,4,0,4,12,11,55,16,2,1,0,4,0,0,10.56,8,0.147,0.256,0.265,0.521,0.242,-0.266
Davis Wendzel,R,TEX,27,27,49,47,6,2,0,1,2,2,12,1,0,0,1,1,0,0,1.646,5,0.128,0.163,0.234,0.397,0.176,-0.2703
Akil Baddoo,L,DET,25,31,82,73,10,2,2,2,7,5,27,8,1,0,0,0,0,1,5.514,798,0.137,0.22,0.301,0.521,0.23,-0.2745
Brooks Lee,B,MIN,23,50,185,172,38,6,1,3,9,27,27,11,3,0,6,0,0,2,13.932,654,0.221,0.265,0.32,0.585,0.252,-0.2777
Jake Cave,L,COL,31,123,346,323,81,16,5,7,42,37,98,18,5,2,6,1,1,3,36.523,978,0.251,0.29,0.396,0.686,0.295,-0.2803
Curtis Mead,R,TBR,23,38,132,122,29,3,0,1,10,7,30,6,2,0,2,2,0,1,10.324,45,0.238,0.282,0.287,0.569,0.255,-0.2867
MJ Melendez,L,KCR,25,135,451,412,85,23,3,17,44,44,113,35,4,4,3,3,0,0,45.549,79,0.206,0.273,0.4,0.673,0.292,-0.2912
Mickey Gasper,B,BOS,28,13,23,18,0,0,0,0,1,0,8,4,0,0,1,1,0,0,0.226,4,0,0.217,0,0.217,0.151,-0.2974
C.J. Alexander,L,KCR,27,4,8,8,1,0,0,0,0,0,3,0,0,0,0,0,0,0,0.125,5,0.125,0.125,0.125,0.25,0.11,-0.3003
Addison Barger,L,TOR,24,69,225,208,41,11,0,7,20,28,60,14,2,0,1,1,0,1,19.265,597,0.197,0.25,0.351,0.601,0.262,-0.3032
Travis Jankowski,L,TEX,33,104,207,190,38,5,0,1,19,12,44,12,11,1,3,5,0,0,13.832,978,0.2,0.266,0.242,0.508,0.234,-0.3062
Alex Kirilloff,L,MIN,26,57,178,159,32,8,3,5,20,20,47,15,0,0,5,1,0,3,16.118,739,0.201,0.27,0.384,0.654,0.282,-0.307
Graham Pauley,L,SDP,23,13,32,32,4,0,0,2,4,5,15,0,0,0,1,0,0,0,0.938,5,0.125,0.125,0.313,0.438,0.183,-0.3073
Alika Williams,R,PIT,25,37,96,87,18,4,2,0,13,5,22,3,1,0,0,1,5,0,6.912,46,0.207,0.242,0.299,0.541,0.237,-0.3106
Joey Wiemer,R,- - -,25,21,28,26,4,0,0,0,2,0,9,2,1,1,0,0,0,0,0.9,78,0.154,0.214,0.154,0.368,0.175,-0.3206
Daniel Vogelbach,L,TOR,31,31,79,70,13,5,0,1,5,8,17,9,0,0,4,0,0,0,5.318,,0.186,0.278,0.3,0.578,0.262,-0.3228
Andrew Benintendi,L,CHW,29,135,522,477,109,20,0,20,50,64,96,41,3,2,12,1,0,3,53.22,7,0.229,0.289,0.396,0.685,0.298,-0.3287
Vidal Brujan,B,MIA,26,102,278,248,55,14,2,2,32,16,54,25,5,6,5,4,1,0,23.339,645897,0.222,0.303,0.319,0.622,0.276,-0.337
Tyler Wade,L,SDP,29,90,156,138,30,3,0,0,28,8,29,11,8,1,0,2,4,0,11.549,564798,0.217,0.285,0.239,0.524,0.242,-0.3383
Cole Tucker,B,LAA,27,24,57,50,9,4,1,0,3,3,17,6,3,1,0,0,0,1,4.578,57,0.18,0.263,0.3,0.563,0.25,-0.3445
Ryan Vilade,R,DET,25,17,49,45,8,0,0,1,5,5,12,2,0,0,2,0,1,1,2.051,978,0.178,0.208,0.244,0.452,0.2,-0.345
Shay Whitcomb,R,HOU,25,20,46,41,9,3,0,0,1,5,8,5,0,0,1,0,0,0,3.759,54,0.22,0.304,0.293,0.597,0.272,-0.3455
Jeimer Candelario,B,CIN,30,112,463,427,96,23,2,20,47,56,114,27,4,3,7,6,0,3,50.109,53,0.225,0.279,0.429,0.708,0.304,-0.3525
Jacob Amaya,R,- - -,25,24,72,68,12,1,0,0,4,3,28,4,1,0,3,0,0,0,2.629,6,0.176,0.222,0.191,0.413,0.19,-0.3577
Garrett Cooper,R,- - -,33,36,116,107,22,5,1,1,6,11,35,7,0,0,3,2,0,0,8.289,3,0.206,0.267,0.299,0.566,0.253,-0.3707
Michael Stefanic,R,LAA,28,40,124,110,24,4,0,0,8,8,20,10,0,0,5,3,1,0,8.232,45,0.218,0.301,0.255,0.556,0.258,-0.3722
Grae Kessinger,R,HOU,26,22,25,21,0,0,0,0,4,0,7,3,0,0,1,1,0,0,0.125,546,0,0.16,0,0.16,0.112,-0.375
Miles Mastrobuoni,L,CHC,28,50,106,98,19,3,0,0,9,4,17,7,2,0,1,0,0,1,5.986,5647,0.194,0.245,0.224,0.469,0.214,-0.3812
Korey Lee,R,CHW,25,125,394,377,79,14,1,12,36,37,122,17,6,3,12,0,0,0,28.482,2,0.21,0.244,0.347,0.591,0.257,-0.3856
Mitch Garver,R,SEA,33,114,430,367,63,17,0,15,37,51,133,53,0,0,9,7,0,3,37.689,2,0.172,0.286,0.341,0.627,0.281,-0.39
Adael Amador,B,COL,21,10,36,35,6,1,0,0,1,0,6,1,1,0,1,0,0,0,1.297,4,0.171,0.194,0.2,0.394,0.176,-0.4002
Drew Romo,B,COL,22,16,53,51,9,3,0,0,4,6,18,2,0,1,2,0,0,0,1.89,2,0.176,0.208,0.235,0.443,0.197,-0.4042
Matt Mervis,L,CHC,26,9,28,26,3,1,0,0,1,3,8,1,0,0,0,0,0,0,0.631,,0.115,0.148,0.154,0.302,0.137,-0.411
Curt Casali,R,SFG,35,41,125,108,21,3,0,1,12,8,22,13,0,0,3,2,2,0,8.432,2,0.194,0.293,0.25,0.543,0.254,-0.4113
J.D. Davis,R,- - -,31,46,157,142,31,5,0,4,13,6,39,12,0,0,5,3,0,0,13.554,35,0.218,0.293,0.338,0.631,0.282,-0.422
Zack Short,R,- - -,29,42,88,70,9,3,0,0,11,5,24,14,2,1,0,1,3,0,4.835,564,0.129,0.282,0.171,0.453,0.228,-0.4318
Jace Peterson,L,ARI,34,14,26,22,1,0,0,0,2,1,6,3,0,0,1,0,0,1,0.265,645,0.045,0.154,0.045,0.199,0.113,-0.4325
Tyler Nevin,R,OAK,27,87,278,245,50,10,0,7,22,20,64,25,1,0,5,5,0,3,24.518,3597,0.204,0.288,0.331,0.619,0.276,-0.4339
Bryan Ramos,R,CHW,22,32,108,99,20,4,0,3,13,11,22,7,0,2,3,0,0,1,7.266,5,0.202,0.252,0.333,0.585,0.257,-0.4365
Tucker Barnhart,L,ARI,33,31,96,81,14,3,0,0,13,6,31,13,1,0,0,0,2,0,6.171,2,0.173,0.287,0.21,0.497,0.239,-0.4404
Daz Cameron,R,OAK,27,66,186,170,34,5,1,5,22,15,51,13,5,0,3,1,0,2,15.31,798,0.2,0.258,0.329,0.587,0.258,-0.4406
Pedro Leon,R,HOU,26,7,21,20,2,0,0,0,2,0,10,1,2,0,2,0,0,0,0.157,9,0.1,0.143,0.1,0.243,0.117,-0.4607
Luis Campusano,R,SDP,25,91,299,277,63,13,0,8,37,40,41,20,0,0,11,1,0,1,25.875,2,0.227,0.281,0.361,0.642,0.282,-0.462
Victor Scott,L,STL,23,53,155,145,26,9,0,2,14,10,42,6,5,1,0,2,0,2,9.947,89,0.179,0.219,0.283,0.502,0.221,-0.4633
Rowdy Tellez,L,PIT,29,131,421,383,93,18,0,13,38,56,89,31,1,0,12,2,0,5,43.786,3,0.243,0.299,0.392,0.691,0.301,-0.4678
Ignacio Alvarez,R,ATL,21,8,32,30,3,0,0,0,1,0,10,0,0,0,1,2,0,0,0.44,45,0.1,0.156,0.1,0.256,0.128,-0.4688
Justyn-Henry Malloy,R,DET,24,71,230,202,41,7,1,8,18,21,85,23,1,1,2,3,0,2,22.906,7,0.203,0.291,0.366,0.657,0.291,-0.4745
Darell Hernaiz,R,OAK,22,48,135,120,23,3,0,1,8,12,27,11,1,1,4,1,1,2,7.6,564,0.192,0.261,0.242,0.503,0.23,-0.4806
Travis Blankenhorn,L,WSN,27,13,32,31,4,1,0,0,2,5,9,1,0,0,0,0,0,0,0.822,9,0.129,0.156,0.161,0.317,0.143,-0.481
Nelson Velazquez,R,KCR,25,64,230,205,41,8,1,8,31,27,61,19,2,0,6,3,0,3,20.649,97,0.2,0.274,0.366,0.64,0.28,-0.4852
Tom Murphy,R,SFG,33,13,38,34,4,1,0,1,3,2,14,4,0,0,0,0,0,0,1.903,2,0.118,0.211,0.235,0.446,0.206,-0.4857
Kyren Paris,R,LAA,22,21,59,51,6,2,0,1,4,5,17,7,1,0,1,0,0,0,2.76,46,0.118,0.224,0.216,0.44,0.207,-0.4869
Nick Martini,L,CIN,34,52,163,146,31,4,2,5,23,24,38,9,1,3,1,4,0,3,14.681,97,0.212,0.272,0.37,0.642,0.279,-0.5008
DJ LeMahieu,R,NYY,35,67,228,201,41,5,0,2,19,26,35,19,0,1,13,1,1,6,12.542,53,0.204,0.269,0.259,0.528,0.239,-0.5015
Aaron Hicks,B,LAA,34,18,63,57,8,0,0,1,6,5,23,6,0,0,1,0,0,0,2.592,987,0.14,0.222,0.193,0.415,0.196,-0.5159
Keston Hiura,R,LAA,27,10,27,27,4,0,0,0,1,1,10,0,0,1,0,0,0,0,0.444,4,0.148,0.148,0.148,0.296,0.131,-0.5181
Nick Senzel,R,- - -,29,74,267,236,46,11,0,7,25,18,61,28,1,3,6,1,1,0,21.418,59,0.195,0.283,0.331,0.614,0.273,-0.5296
Ryan Kreidler,R,DET,26,35,65,59,7,0,0,1,9,2,19,6,5,3,2,0,0,0,1.743,65,0.119,0.2,0.169,0.369,0.177,-0.5311
Aledmys Diaz,R,- - -,33,14,34,33,3,0,0,0,2,1,9,1,0,0,0,0,0,0,0.384,6345,0.091,0.118,0.091,0.209,0.098,-0.5353
Chuckie Robinson,R,CHW,29,26,76,70,9,0,0,0,2,0,20,5,0,0,1,1,0,0,1.945,2,0.129,0.197,0.129,0.326,0.159,-0.5391
Mitch Haniger,R,SEA,33,121,423,380,79,12,0,12,42,44,126,40,0,0,10,2,0,1,36.328,9,0.208,0.286,0.334,0.62,0.277,-0.5513
Coby Mayo,R,BAL,22,17,46,41,4,0,0,0,4,0,22,4,0,0,1,1,0,0,0.922,53,0.098,0.196,0.098,0.294,0.152,-0.5526
Chris Taylor,R,LAD,33,87,246,213,43,7,1,4,28,23,76,28,5,1,5,2,1,2,20.688,7548,0.202,0.298,0.3,0.598,0.272,-0.5558
Robbie Grossman,B,- - -,34,87,245,208,44,8,0,3,21,16,58,34,3,0,8,1,0,2,21.068,97,0.212,0.322,0.293,0.615,0.283,-0.5684
Enmanuel Valdez,L,BOS,25,76,223,201,43,12,0,6,23,28,53,17,1,1,4,0,1,4,19.864,45,0.214,0.27,0.363,0.633,0.275,-0.575
Ryan Noda,L,OAK,28,36,111,95,13,4,0,1,8,4,37,14,0,0,0,1,1,0,6.16,3,0.137,0.255,0.211,0.466,0.223,-0.5799
Adam Frazier,L,KCR,32,104,294,262,53,10,1,4,35,22,59,22,3,0,0,7,3,0,24.449,4975,0.202,0.282,0.294,0.576,0.261,-0.5822
Harold Ramirez,R,- - -,29,73,246,238,62,7,1,2,28,29,50,5,6,2,2,2,0,1,21.788,97,0.261,0.28,0.324,0.604,0.265,-0.589
Corey Julks,R,CHW,28,66,189,173,37,7,0,3,17,14,50,15,5,2,6,0,0,1,13.973,798,0.214,0.275,0.306,0.581,0.26,-0.5922
Sean Bouchard,R,COL,28,31,108,91,17,7,0,1,14,8,33,12,4,0,0,2,1,2,9.84,97,0.187,0.29,0.297,0.587,0.266,-0.5955
Kyle Stowers,L,- - -,26,69,209,192,40,11,2,3,15,24,74,13,0,1,2,3,0,1,17.416,789,0.208,0.268,0.333,0.601,0.265,-0.6209
Andrew Knizner,R,TEX,29,35,93,90,15,1,0,1,5,9,22,1,0,0,2,1,0,1,3.232,2,0.167,0.183,0.211,0.394,0.174,-0.6253
Will Benson,L,CIN,26,128,388,343,64,19,2,14,41,43,154,40,16,7,3,2,1,2,37.064,798,0.187,0.274,0.376,0.65,0.285,-0.6373
Mike Ford,L,CIN,31,17,62,60,9,0,1,1,2,4,15,2,0,0,1,0,0,0,2.342,3,0.15,0.177,0.233,0.41,0.18,-0.6398
Jordan Walker,R,STL,22,51,178,164,33,10,1,5,16,20,50,10,1,0,4,2,0,2,14.898,9,0.201,0.253,0.366,0.619,0.268,-0.6416
Luke Maile,R,CIN,33,53,154,135,24,4,0,2,8,8,52,13,2,0,4,4,1,1,9.731,2,0.178,0.268,0.252,0.52,0.241,-0.6575
Wilmer Flores,R,SFG,32,71,242,214,44,12,0,4,19,26,33,20,0,0,5,3,0,5,19.553,35,0.206,0.277,0.318,0.595,0.262,-0.671
Ji Hwan Bae,L,PIT,24,29,81,74,14,2,0,0,11,6,24,6,6,2,0,0,0,1,4.711,89,0.189,0.247,0.216,0.463,0.213,-0.6712
Alan Trejo,R,COL,28,28,67,63,9,0,0,0,4,1,15,2,0,0,2,1,1,0,1.537,456,0.143,0.182,0.143,0.325,0.152,-0.6729
Christian Encarnacion-Strand,R,CIN,24,29,123,116,22,6,0,2,13,16,35,4,0,0,4,1,0,2,6.795,3,0.19,0.22,0.293,0.513,0.223,-0.6732
Nick Allen,R,OAK,25,41,105,97,17,4,0,1,6,4,20,5,0,0,0,0,3,0,5.628,65,0.175,0.216,0.247,0.463,0.207,-0.6732
Nick Madrigal,R,CHC,27,51,94,86,19,3,0,0,5,10,10,4,1,0,2,3,1,0,6.347,54,0.221,0.28,0.256,0.536,0.245,-0.6846
Javier Baez,R,DET,31,80,289,272,50,12,0,6,25,37,69,12,8,1,10,2,0,3,16.34,6,0.184,0.221,0.294,0.515,0.224,-0.6925
Marco Luciano,R,SFG,22,27,81,76,16,5,1,0,10,3,28,5,0,1,1,0,0,0,5.7,46,0.211,0.259,0.303,0.562,0.248,-0.6978
Bobby Dalbec,R,BOS,29,37,93,83,11,2,0,1,6,8,43,8,3,0,1,1,1,0,4.172,359,0.133,0.217,0.193,0.41,0.194,-0.6991
Vaughn Grissom,R,BOS,23,31,114,105,20,3,0,0,10,6,24,7,2,0,3,1,0,1,5.842,4,0.19,0.246,0.219,0.465,0.213,-0.7001
Henry Davis,R,PIT,24,37,122,104,15,4,0,1,9,5,45,13,0,0,1,1,1,2,6.294,2,0.144,0.242,0.212,0.454,0.213,-0.7013
Braden Shewmake,L,CHW,26,29,67,64,8,2,0,1,4,4,10,1,5,1,0,0,0,2,2.018,654,0.125,0.134,0.203,0.337,0.144,-0.713
Pablo Reyes,R,- - -,30,22,64,60,11,2,0,0,5,5,19,3,1,2,1,1,0,0,2.73,5463,0.183,0.234,0.217,0.451,0.207,-0.7303
Luis Matos,R,SFG,22,45,156,150,32,5,0,5,14,25,24,5,0,0,5,0,0,1,10.987,897,0.213,0.237,0.347,0.584,0.25,-0.736
Jose Fermin,R,STL,25,45,79,71,11,1,1,0,7,4,11,7,2,1,3,1,0,0,3.251,45,0.155,0.241,0.197,0.438,0.207,-0.7536
Kris Bryant,R,COL,32,37,155,133,29,5,0,2,9,15,48,13,0,0,6,8,0,1,13.052,93,0.218,0.323,0.301,0.624,0.287,-0.7634
Trey Lipscomb,R,WSN,24,61,211,190,38,3,0,1,20,10,40,16,11,2,7,2,1,1,12.408,534,0.2,0.268,0.232,0.5,0.231,-0.7878
Dominic Fletcher,L,CHW,26,72,241,223,46,8,0,1,14,17,58,11,0,0,5,3,2,1,14.195,987,0.206,0.252,0.256,0.508,0.227,-0.8074
Niko Goodrum,B,- - -,32,13,33,29,3,0,0,0,2,0,10,3,1,1,0,0,1,0,0.73,57346,0.103,0.188,0.103,0.291,0.147,-0.8104
Nick Gordon,L,MIA,28,95,275,260,59,11,1,8,29,32,67,11,5,5,5,1,0,3,22.909,784,0.227,0.258,0.369,0.627,0.271,-0.8159
Justin Foscue,R,TEX,25,15,44,42,2,1,0,0,3,1,18,2,0,0,0,0,0,0,0.32,3,0.048,0.091,0.071,0.162,0.08,-0.8162
Nolan Jones,L,COL,26,79,297,256,58,13,1,3,28,28,91,36,5,4,7,1,1,3,27.089,7,0.227,0.321,0.32,0.641,0.287,-0.8249
Gavin Sheets,L,CHW,28,139,501,451,105,24,1,10,35,45,106,43,2,2,6,4,0,3,50.386,39,0.233,0.303,0.357,0.66,0.291,-0.8816
Ty France,R,- - -,29,140,535,479,112,24,0,13,46,51,114,38,1,1,16,13,0,5,52.227,3,0.234,0.305,0.365,0.67,0.296,-0.8982
Eloy Jimenez,R,- - -,27,98,349,324,77,14,0,6,25,23,70,22,3,0,13,2,0,1,29.517,,0.238,0.289,0.336,0.625,0.276,-0.9201
Edward Olivares,R,PIT,28,55,196,174,39,4,0,5,22,23,37,16,1,0,3,2,0,4,17.985,9,0.224,0.291,0.333,0.624,0.276,-0.9226
Joey Meneses,R,WSN,32,76,313,281,65,11,0,3,19,42,63,21,2,0,9,5,0,6,25.061,3,0.231,0.291,0.302,0.593,0.264,-0.9756
Omar Narvaez,L,NYM,32,28,69,65,10,2,0,0,4,5,12,3,0,0,2,0,1,0,2.12,2,0.154,0.191,0.185,0.376,0.171,-0.9818
Miguel Vargas,R,- - -,24,72,237,206,31,7,0,5,22,16,57,25,3,1,4,3,0,3,14.446,57,0.15,0.249,0.257,0.506,0.233,-0.9958
Christopher Morel,R,- - -,25,152,611,535,105,11,3,21,56,60,159,61,8,7,15,10,0,5,52.788,547,0.196,0.288,0.346,0.634,0.28,-1.0009
Jordan Beck,R,COL,23,55,184,170,32,6,0,3,14,13,65,12,7,1,3,1,0,1,12.095,798,0.188,0.245,0.276,0.521,0.231,-1.0052
Dylan Carlson,B,- - -,25,96,265,235,49,7,0,3,19,25,75,22,2,1,2,5,0,3,20.556,798,0.209,0.287,0.277,0.564,0.257,-1.0262
Adam Duvall,R,ATL,35,104,330,303,55,10,0,11,29,30,99,21,0,0,6,5,0,1,23.927,97,0.182,0.245,0.323,0.568,0.252,-1.0374
Jack Suwinski,L,PIT,25,88,277,247,45,8,0,9,29,26,79,27,9,1,3,1,1,1,23.037,879,0.182,0.264,0.324,0.588,0.26,-1.1275
Yan Gomes,R,CHC,36,34,96,91,14,2,0,2,7,7,36,2,0,0,2,1,1,1,3.722,2,0.154,0.179,0.242,0.421,0.184,-1.1805
Hunter Goodman,R,COL,24,70,224,211,40,9,0,13,24,36,64,8,1,1,5,3,0,2,18.567,2973,0.19,0.228,0.417,0.645,0.274,-1.202
Bryan De La Cruz,R,- - -,27,149,622,584,136,25,0,21,61,68,170,29,5,2,10,3,0,5,59.602,79,0.233,0.271,0.384,0.655,0.283,-1.2321
Tim Anderson,R,MIA,31,65,241,234,50,3,0,0,16,9,68,7,4,4,6,0,0,0,11.097,6,0.214,0.237,0.226,0.463,0.208,-1.4513
Noelvi Marte,R,CIN,22,66,242,229,48,9,0,4,24,18,75,9,9,3,1,3,0,1,17.892,5,0.21,0.248,0.301,0.549,0.243,-1.4871
Martin Maldonado,R,CHW,37,48,147,135,16,3,0,4,9,11,51,8,0,0,5,1,3,0,4.748,2,0.119,0.174,0.23,0.404,0.181,-1.498
Jose Abreu,R,HOU,37,35,120,113,14,2,0,2,10,7,28,4,0,0,4,2,0,1,3.211,3,0.124,0.167,0.195,0.362,0.164,-1.51
Elehuris Montero,R,COL,25,67,247,224,46,10,0,4,23,28,56,20,0,0,7,0,0,3,17.858,3,0.205,0.267,0.304,0.571,0.254,-1.8747
Eddie Rosario,L,- - -,32,91,319,297,52,12,0,10,33,35,77,16,9,1,4,0,2,4,20.926,798,0.175,0.215,0.316,0.531,0.23,-2.0242
Brandon Drury,R,LAA,31,97,360,325,55,7,0,4,28,15,81,27,1,0,13,5,0,3,17.349,453,0.169,0.242,0.228,0.47,0.217,-2.089