Team,Tm,season,Age,W,L,PW,PL,MOV,SOS,SRS,ORtg,DRtg,NRtg,Pace,FTr,3PAr,TSpct,OEFGpct,OTOV_rate,ORBpct,OFT_rate,DeFGpct,DTOV_rate,DRBpct,DFT_rate,Arena,Attendance,Avg_attendance
Oklahoma City Thunder*,OKC,2025,24.8,68,14,68,14,12.87,-0.16,12.7,120.3,107.5,12.8,100,0.22,0.419,0.593,0.56,10.3,24.2,0.18,0.513,14.9,74.6,0.211,Paycom Center,754832,18410.53659
Boston Celtics*,BOS,2025,28.9,61,21,62,20,9.11,-0.83,8.28,120.6,111.1,9.5,95.7,0.212,0.536,0.591,0.561,10.8,25.7,0.169,0.522,11.6,76,0.154,TD Garden,785396,19156
Cleveland Cavaliers*,CLE,2025,26.6,64,18,62,20,9.54,-0.73,8.81,121.7,112.2,9.5,99.8,0.241,0.457,0.607,0.578,11.6,25.9,0.187,0.528,12.6,74.8,0.181,Rocket Arena,796712,19432
Minnesota Timberwolves*,MIN,2025,27.2,49,33,53,29,5,0.15,5.15,116.6,111.5,5.1,97.3,0.249,0.455,0.588,0.554,13,25.8,0.196,0.532,13.2,75.1,0.178,Target Center,772249,18835.34146
Los Angeles Clippers*,LAC,2025,29.7,50,32,53,29,4.66,0.18,4.84,115.1,110.3,4.8,97.5,0.251,0.387,0.589,0.554,13.4,24.4,0.2,0.536,13.7,77.5,0.189,Intuit Dome,679593,16575.43902
Memphis Grizzlies*,MEM,2025,24.7,48,34,52,30,4.85,-0.06,4.79,117.7,113,4.7,103.3,0.249,0.406,0.588,0.554,13.1,28.7,0.196,0.533,12.9,74.9,0.206,FedEx Forum,683067,16660.17073
Houston Rockets*,HOU,2025,24.9,52,30,52,30,4.51,0.45,4.97,115.3,110.8,4.5,98.6,0.242,0.384,0.553,0.523,11.8,31.7,0.178,0.528,12.8,76.2,0.186,Toyota Center,716853,17484.21951
New York Knicks*,NY,2025,27.5,51,31,51,31,4.1,-0.51,3.59,118.5,114.3,4.2,96.7,0.232,0.382,0.589,0.556,11.9,26,0.186,0.549,13.1,74.5,0.176,Madison Square Garden (IV),811794,19799.85366
Denver Nuggets*,DEN,2025,27,50,32,50,32,3.89,0.08,3.97,119.9,116,3.9,99.8,0.259,0.356,0.604,0.573,12.5,26.7,0.2,0.542,11.3,74.6,0.173,Ball Arena,811211,19785.63415
Golden State Warriors*,GS,2025,28.6,48,34,49,33,3.3,0.25,3.56,115,111.7,3.3,98.7,0.244,0.469,0.568,0.536,12.3,27.3,0.187,0.541,14.1,75.6,0.189,Chase Center,740624,18064
Milwaukee Bucks*,MIL,2025,29.3,48,34,47,35,2.48,-0.36,2.12,115.9,113.4,2.5,99.3,0.268,0.424,0.598,0.568,12.2,19.3,0.201,0.533,11.4,76.2,0.174,Fiserv Forum,732014,17854
Indiana Pacers*,IND,2025,25.8,50,32,46,36,2.23,-0.55,1.68,116.5,114.3,2.2,99.9,0.241,0.4,0.594,0.562,11.8,21.3,0.19,0.546,13.1,74.5,0.19,Gainbridge Fieldhouse,685434,16717.90244
Detroit Pistons*,DET,2025,25.8,44,38,46,36,1.9,-0.17,1.73,115,113.1,1.9,99.8,0.248,0.394,0.58,0.547,13,26.2,0.192,0.539,13.3,76,0.214,Little Caesars Arena,781929,19071.43902
Los Angeles Lakers*,LAL,2025,27.9,50,32,44,38,1.22,0.23,1.45,115.9,114.7,1.2,97.6,0.271,0.425,0.593,0.557,12.7,23.3,0.213,0.539,12.2,74.5,0.178,Crypto.com Arena,767626,18722.58537
Miami Heat*,MIA,2025,26.8,37,45,42,40,0.56,-0.45,0.11,113.5,112.9,0.6,96.2,0.232,0.429,0.576,0.544,12.4,22.3,0.183,0.543,12.5,75.8,0.157,Kaseya Center,808337,19715.53659
Sacramento Kings*,SAC,2025,27.8,40,42,42,40,0.48,0.11,0.58,116.7,116.2,0.5,98.2,0.235,0.391,0.582,0.548,11.8,25.4,0.19,0.557,12.5,76.9,0.2,Golden 1 Center,696409,16985.58537
Orlando Magic*,ORL,2025,24.9,41,41,41,41,-0.12,-0.58,-0.7,109.4,109.6,-0.2,96.1,0.269,0.411,0.55,0.51,12.9,25.3,0.208,0.538,15,77,0.22,Kia Center,762121,18588.31707
Atlanta Hawks*,ATL,2025,24.9,40,42,38,44,-1.13,-0.28,-1.41,114.6,115.7,-1.1,102.6,0.252,0.41,0.579,0.546,13.2,26.3,0.196,0.56,13.8,76,0.202,State Farm Arena,657613,16039.34146
Dallas Mavericks*,DAL,2025,27.5,39,43,38,44,-1.2,0.46,-0.74,114.8,116,-1.2,99.2,0.263,0.389,0.583,0.549,12.5,23.3,0.203,0.54,11.6,73.1,0.179,American Airlines Center,783197,19102.36585
Chicago Bulls*,CHI,2025,25.2,39,43,37,45,-1.56,-0.27,-1.83,114.1,115.6,-1.5,102.8,0.214,0.457,0.585,0.553,12.7,22.3,0.173,0.539,10.8,76.6,0.178,United Center,825659,20138.02439
San Antonio Spurs,SA,2025,26,34,48,34,48,-2.76,0.31,-2.45,114.4,117.2,-2.8,99.3,0.234,0.441,0.575,0.544,12.3,24.3,0.181,0.551,12,73,0.158,Frost Bank Center,731474,17840.82927
Portland Trail Blazers,POR,2025,23.8,36,46,33,49,-2.98,0.31,-2.67,111.7,114.7,-3,98.8,0.246,0.418,0.555,0.521,13.8,29.2,0.187,0.543,13.6,72.5,0.204,Moda Center,719369,17545.58537
Phoenix Suns,PHX,2025,29.1,36,46,34,48,-3,0.45,-2.55,116.2,119.3,-3.1,97.1,0.241,0.44,0.595,0.561,12.8,22.6,0.195,0.552,10.9,74.1,0.191,Footprint Center,699911,17071
Toronto Raptors,TOR,2025,24.5,30,52,30,52,-4.29,-0.11,-4.4,110.5,114.8,-4.3,99.7,0.232,0.373,0.553,0.522,13.3,27.3,0.173,0.541,13.2,73.9,0.222,Scotiabank Arena,768573,18745.68293
Philadelphia 76ers,PHI,2025,27.1,24,58,26,56,-6.23,-0.06,-6.29,111.9,118.2,-6.3,97.4,0.257,0.426,0.563,0.527,12.3,23.4,0.201,0.57,14.3,71.8,0.194,Wells Fargo Center,813621,19844.41463
Brooklyn Nets,BRK,2025,24.7,26,56,23,59,-7.11,0.16,-6.95,108.5,115.8,-7.3,96.4,0.24,0.458,0.552,0.516,13.7,24.5,0.189,0.557,13.7,75,0.218,Barclays Center,713304,17397.65854
Utah Jazz,UTAH,2025,23.9,17,65,20,62,-9.34,0.83,-8.51,111.2,120.4,-9.2,100,0.252,0.449,0.568,0.533,14.9,26.9,0.195,0.559,10.3,74.1,0.185,Delta Center,745175,18175
Charlotte Hornets,CHA,2025,25.1,19,63,20,62,-9.11,0.01,-9.1,107.3,116.6,-9.3,97.6,0.222,0.43,0.537,0.503,13.7,26.5,0.174,0.547,11.9,74.5,0.19,Spectrum Center,703935,17169.14634
New Orleans Pelicans,NO,2025,25.9,21,61,20,62,-9.43,0.84,-8.59,110.4,119.9,-9.5,99.1,0.244,0.385,0.552,0.519,12.8,26.3,0.184,0.564,12.3,72.7,0.19,Smoothie King Center,689400,16814.63415
Washington Wizards,WSH,2025,23.5,18,64,15,67,-12.44,0.3,-12.14,106.8,119.1,-12.3,100.9,0.229,0.435,0.546,0.512,13.6,22.7,0.178,0.548,11.4,71.9,0.202,Capital One Arena,663691,16187.58537
League Average,,2025,26.5,NA,NA,41,41,0,0,0,114.5,114.5,NA,98.8,0.243,0.421,0.576,0.543,12.6,25.2,0.189,0.543,12.6,74.8,0.189,,743371,18131
Boston Celtics*,BOS,2024,28.2,64,18,66,16,11.34,-0.6,10.75,123.2,111.6,11.6,97.2,0.224,0.471,0.609,0.578,10.8,24.9,0.18,0.523,10.8,76.3,0.145,TD Garden,785396,19156
Oklahoma City Thunder*,OKC,2024,23.4,57,25,58,24,7.41,-0.05,7.36,119.5,112.1,7.4,99.8,0.24,0.383,0.608,0.573,11.4,21.1,0.198,0.53,13.6,73.8,0.202,Paycom Center,715509,17451.43902
Minnesota Timberwolves*,MIN,2024,27.2,56,26,57,25,6.45,-0.07,6.39,115.6,109,6.6,97.1,0.27,0.384,0.594,0.559,13,23.2,0.209,0.515,12.9,76.9,0.197,Target Center,738984,18024
Denver Nuggets*,DEN,2024,27.1,57,25,54,28,5.26,-0.03,5.23,118.5,113,5.5,96.8,0.224,0.352,0.589,0.562,11.5,25.5,0.17,0.526,11.2,75.6,0.195,Ball Arena,807062,19684.43902
New York Knicks*,NY,2024,26.4,50,32,53,29,4.59,-0.23,4.36,118.2,113.4,4.8,95.2,0.246,0.404,0.574,0.54,11.9,29.4,0.192,0.543,12.3,76.1,0.176,Madison Square Garden (IV),808885,19728.90244
New Orleans Pelicans*,NO,2024,26,49,33,52,30,4.41,0.05,4.46,117.4,112.9,4.5,97.9,0.261,0.373,0.591,0.558,11.8,24.4,0.202,0.541,12.9,76.9,0.186,Smoothie King Center,692054,16879.36585
Los Angeles Clippers*,LAC,2024,30.4,51,31,49,33,3.28,0.13,3.41,118.8,115.4,3.4,97.2,0.256,0.383,0.599,0.561,12,24.4,0.211,0.541,11.7,74.8,0.183,Crypto.com Arena,776782,18945.90244
Philadelphia 76ers*,PHI,2024,28.4,47,35,49,33,3.05,-0.54,2.51,116.9,113.8,3.1,97.5,0.264,0.373,0.574,0.532,10.7,24.8,0.218,0.537,13.1,74.3,0.215,Wells Fargo Center,821714,20041.80488
Phoenix Suns*,PHX,2024,29.3,49,33,49,33,3.06,0.02,3.08,117.6,114.6,3,98.3,0.271,0.378,0.603,0.565,13.4,25,0.219,0.536,11.3,75.6,0.178,Footprint Center,699911,17071
Indiana Pacers*,IND,2024,25.3,47,35,48,34,3.05,-0.3,2.75,121,118,3,101.7,0.222,0.38,0.606,0.578,11.3,23.8,0.173,0.556,12.1,74.1,0.228,Gainbridge Fieldhouse,677554,16525.70732
Golden State Warriors,GS,2024,28.4,46,36,47,35,2.61,0.16,2.77,117.8,115.2,2.6,99.2,0.219,0.425,0.586,0.557,12.5,27.5,0.171,0.539,11.5,76.1,0.195,Chase Center,740624,18064
Milwaukee Bucks*,MIL,2024,30.2,49,33,47,35,2.62,-0.18,2.44,118.4,115.8,2.6,99.9,0.27,0.43,0.601,0.568,11.5,21.8,0.209,0.539,10.6,77.2,0.189,Fiserv Forum,740850,18069.5122
Cleveland Cavaliers*,CLE,2024,26.2,48,34,47,35,2.41,-0.44,1.98,115.2,112.7,2.5,97.2,0.234,0.422,0.586,0.557,12.4,23.2,0.179,0.535,12.3,76.9,0.19,Rocket Mortgage Fieldhouse,793167,19345.53659
Dallas Mavericks*,DAL,2024,26.5,50,32,46,36,2.21,0.09,2.3,117.6,115.4,2.2,100.1,0.251,0.441,0.592,0.562,11.2,22.2,0.19,0.548,12.1,75.2,0.184,American Airlines Center,828897,20217
Orlando Magic*,ORL,2024,24,47,35,46,36,2.02,-0.55,1.48,113.4,111.3,2.1,96.9,0.287,0.369,0.577,0.541,13.3,25.3,0.218,0.543,13.8,78.1,0.206,Kia Center,773939,18876.56098
Miami Heat*,MIA,2024,28,46,36,46,36,1.76,-0.66,1.1,114,112.2,1.8,96.2,0.257,0.394,0.578,0.538,11.7,21.8,0.21,0.543,12.7,78.1,0.174,Kaseya Center,809743,19749.82927
Sacramento Kings,SAC,2024,26.4,46,36,45,37,1.74,0.55,2.29,116.9,115.2,1.7,98.8,0.229,0.432,0.582,0.556,11.6,24.5,0.171,0.555,12.5,78.4,0.213,Golden 1 Center,735015,17927.19512
Houston Rockets,HOU,2024,25.1,41,41,44,38,1.12,0.12,1.24,114.5,113.4,1.1,99,0.257,0.397,0.565,0.529,11.2,25.1,0.199,0.533,12.2,76,0.219,Toyota Center,720045,17562.07317
Los Angeles Lakers*,LAL,2024,28,47,35,42,40,0.6,0.48,1.07,115.9,115.3,0.6,100.9,0.276,0.358,0.601,0.566,12.5,19.9,0.216,0.55,11.7,76.2,0.153,Crypto.com Arena,793945,19364.5122
Chicago Bulls,CHI,2024,28.1,39,43,37,45,-1.44,-0.33,-1.77,114.9,116.3,-1.4,96.3,0.236,0.358,0.568,0.534,11,25.1,0.187,0.556,12.7,76.4,0.195,United Center,845620,20624.87805
Atlanta Hawks,ATL,2024,26.2,36,46,36,46,-2.18,-0.19,-2.38,117.2,119.4,-2.2,100.1,0.251,0.408,0.576,0.539,11.6,27.1,0.2,0.572,12.4,75.2,0.192,State Farm Arena,696418,16985.80488
Brooklyn Nets,BRK,2024,26.1,32,50,34,48,-2.89,-0.13,-3.02,113.2,116.1,-2.9,96.9,0.234,0.412,0.561,0.531,11.8,25.2,0.177,0.543,11.4,76,0.193,Barclays Center,720291,17568.07317
Utah Jazz,UTAH,2024,25.1,31,51,29,53,-4.89,0.68,-4.22,115.5,120.4,-4.9,99.5,0.251,0.406,0.579,0.539,13.6,28.1,0.209,0.567,10.9,75.2,0.182,Delta Center,746446,18206
San Antonio Spurs,SA,2024,23,22,60,26,56,-6.49,0.69,-5.8,110,116.4,-6.4,101.1,0.22,0.401,0.563,0.532,13.2,22.9,0.172,0.555,11.7,76.4,0.174,Frost Bank Center,742522,18110.29268
Toronto Raptors,TOR,2024,25.9,25,57,26,56,-6.44,-0.01,-6.45,112.3,118.8,-6.5,99.4,0.241,0.369,0.566,0.535,12.4,24.2,0.182,0.566,12.2,73.9,0.172,Scotiabank Arena,800129,19515.34146
Memphis Grizzlies,MEM,2024,24.4,27,55,24,58,-7,0.43,-6.57,107.2,114.3,-7.1,98.2,0.238,0.428,0.543,0.509,13.4,23.8,0.182,0.551,13.5,74.8,0.195,FedEx Forum,681875,16631.09756
Detroit Pistons,DET,2024,23.8,14,68,20,62,-9.11,0.05,-9.06,109.7,118.8,-9.1,99.8,0.246,0.36,0.562,0.526,13.5,23.9,0.193,0.558,11.1,77.3,0.221,Little Caesars Arena,726378,17716.53659
Washington Wizards,WSH,2024,24.9,15,67,20,62,-9.29,0,-9.29,110.5,119.6,-9.1,102.7,0.221,0.389,0.567,0.538,12.2,20,0.169,0.562,12,72.5,0.201,Capital One Arena,692851,16898.80488
Portland Trail Blazers,POR,2024,24.1,21,61,20,62,-9.02,0.74,-8.29,108.3,117.5,-9.2,97.2,0.228,0.37,0.539,0.503,13.4,27.5,0.181,0.558,12.8,74,0.216,Moda Center,751395,18326.70732
Charlotte Hornets,CHA,2024,25.1,21,61,18,64,-10.24,0.13,-10.12,109.3,119.8,-10.5,97.3,0.212,0.391,0.56,0.529,12.6,21.1,0.167,0.572,12.3,74.5,0.188,Spectrum Center,674400,16448.78049
League Average,,2024,26.6,NA,NA,41,41,0,0,0,115.3,115.3,NA,98.5,0.244,0.395,0.58,0.547,12.1,24.2,0.192,0.547,12.1,75.8,0.192,,751280,18323.90244
Boston Celtics*,BOS,2023,27.4,57,25,57,25,6.52,-0.15,6.38,118,111.5,6.5,98.5,0.243,0.48,0.6,0.566,12,22.1,0.197,0.528,11.3,78.5,0.18,TD Garden,785396,19156
Cleveland Cavaliers*,CLE,2023,25.4,51,31,55,27,5.38,-0.15,5.23,116.1,110.6,5.5,95.7,0.264,0.371,0.59,0.556,12.3,23.6,0.206,0.535,14.4,76.3,0.21,Rocket Mortgage Fieldhouse,777280,18958.04878
Philadelphia 76ers*,PHI,2023,28.2,54,28,52,30,4.32,0.06,4.37,117.7,113.3,4.4,96.9,0.3,0.389,0.608,0.563,12.6,21.6,0.25,0.541,13,77.2,0.217,Wells Fargo Center,839261,20469.78049
Memphis Grizzlies*,MEM,2023,24.4,51,31,51,31,3.94,-0.34,3.6,115.1,111.2,3.9,101.1,0.259,0.372,0.57,0.54,11.7,26.5,0.19,0.526,13.1,75.9,0.206,FedEx Forum,707836,17264.29268
Milwaukee Bucks*,MIL,2023,29.8,58,24,50,32,3.63,-0.02,3.61,115.4,111.9,3.5,100.5,0.248,0.446,0.583,0.555,12.7,25,0.184,0.52,10.4,77.8,0.175,Fiserv Forum,718786,17531.36585
Denver Nuggets*,DEN,2023,26.6,53,29,49,33,3.33,-0.29,3.04,117.6,114.2,3.4,98.1,0.259,0.361,0.601,0.573,13.1,24.8,0.194,0.543,12.2,76.4,0.201,Ball Arena,788635,19235
New York Knicks*,NY,2023,24.5,47,35,48,34,2.93,0.06,2.99,117.8,114.8,3,97.1,0.285,0.4,0.577,0.541,11.4,28.3,0.217,0.536,11.4,77.1,0.21,Madison Square Garden (IV),795110,19392.92683
Sacramento Kings*,SAC,2023,25.4,48,34,47,35,2.65,-0.35,2.3,119.4,116.8,2.6,100.3,0.284,0.423,0.608,0.572,12,22.7,0.225,0.563,12.6,77.2,0.203,Golden 1 Center,715491,17451
Phoenix Suns*,PHX,2023,28.1,45,37,46,36,2.07,0.01,2.08,115.1,113,2.1,98.2,0.241,0.362,0.57,0.535,12,26.6,0.191,0.532,12.9,76,0.234,Footprint Center,699911,17071
New Orleans Pelicans,NO,2023,25.9,42,40,46,36,1.89,-0.26,1.63,114.4,112.5,1.9,99.1,0.279,0.344,0.582,0.543,12.9,24.7,0.221,0.543,13.4,77.4,0.212,Smoothie King Center,687691,16772.95122
Golden State Warriors*,GS,2023,27.3,44,38,45,37,1.8,-0.15,1.66,116.1,114.4,1.7,101.6,0.224,0.479,0.6,0.571,14.1,24.4,0.178,0.54,12.3,76,0.214,Chase Center,740624,18064
Toronto Raptors,TOR,2023,25.8,41,41,45,37,1.48,0.12,1.59,115.5,114,1.5,97.1,0.257,0.351,0.555,0.517,10.3,27.8,0.201,0.565,15.3,76.7,0.223,Scotiabank Arena,811261,19786.85366
Chicago Bulls,CHI,2023,27.5,40,42,44,38,1.29,0.07,1.37,113.5,112.2,1.3,98.5,0.251,0.333,0.587,0.55,12.2,20.1,0.203,0.544,13.5,77.8,0.197,United Center,841632,20527.60976
Oklahoma City Thunder,OKC,2023,22.8,40,42,44,38,1.09,-0.12,0.96,115.2,114.2,1,101.1,0.256,0.369,0.57,0.531,11.2,24.7,0.207,0.547,14.4,72.9,0.222,Paycom Center,636903,15534.21951
Brooklyn Nets*,BRK,2023,28,45,37,43,39,0.85,0.18,1.03,115,114.1,0.9,98.3,0.26,0.397,0.598,0.562,12.7,19.6,0.208,0.53,12.2,73.7,0.212,Barclays Center,724439,17669.2439
Los Angeles Lakers*,LAL,2023,27.9,43,39,42,40,0.57,-0.15,0.43,114.5,113.9,0.6,101.3,0.299,0.351,0.582,0.542,12.3,22.8,0.232,0.535,10.9,76.3,0.171,Crypto.com Arena,763168,18613.85366
Los Angeles Clippers*,LAC,2023,29.7,44,38,42,40,0.5,-0.19,0.31,115,114.5,0.5,98,0.278,0.387,0.588,0.551,12.8,22.9,0.217,0.543,11.7,76.6,0.195,Crypto.com Arena,720543,17574.21951
Atlanta Hawks*,ATL,2023,24.9,41,41,42,40,0.29,0.02,0.32,116.6,116.3,0.3,100.7,0.244,0.331,0.579,0.541,11.2,25.1,0.2,0.552,12.4,75.8,0.206,State Farm Arena,719787,17555.78049
Dallas Mavericks,DAL,2023,27.8,38,44,41,41,0.07,-0.22,-0.14,116.8,116.7,0.1,96.6,0.298,0.487,0.599,0.565,11.4,18,0.225,0.549,11.9,75.5,0.226,American Airlines Center,827282,20177.60976
Minnesota Timberwolves*,MIN,2023,25.8,42,40,41,41,-0.04,-0.18,-0.22,113.7,113.8,-0.1,101,0.271,0.381,0.592,0.56,13.6,21.5,0.205,0.54,13.3,74.3,0.225,Target Center,687510,16768.53659
Miami Heat*,MIA,2023,27.7,44,38,40,42,-0.32,0.18,-0.13,113,113.3,-0.3,96.3,0.27,0.408,0.574,0.53,12.4,22.8,0.224,0.561,14.5,77.7,0.198,Kaseya Center,807190,19687.56098
Utah Jazz,UTAH,2023,26.5,37,45,39,43,-0.94,-0.09,-1.03,115.8,116.7,-0.9,100.5,0.265,0.421,0.584,0.547,13.3,26.8,0.209,0.541,10.9,75.2,0.205,Vivint Arena,728240,17761.95122
Washington Wizards,WSH,2023,26.2,35,47,38,44,-1.21,0.15,-1.06,114.4,115.6,-1.2,98.6,0.258,0.365,0.585,0.55,12.7,22.6,0.202,0.54,11,76.1,0.194,Capital One Arena,710481,17328.80488
Orlando Magic,ORL,2023,23.1,34,48,35,47,-2.56,0.17,-2.39,111.6,114.2,-2.6,99.3,0.29,0.361,0.573,0.532,13.4,23.8,0.227,0.55,13.1,77.7,0.211,Amway Center,728405,17765.97561
Indiana Pacers,IND,2023,24.5,35,47,33,49,-3.18,0.28,-2.91,114.6,117.7,-3.1,101.1,0.265,0.413,0.581,0.545,13,23.4,0.209,0.554,13,72.2,0.229,Gainbridge Fieldhouse,641562,15647.85366
Portland Trail Blazers,POR,2023,25.1,33,49,31,51,-4.01,0.05,-3.96,114.8,118.8,-4,98.6,0.289,0.413,0.589,0.549,13.1,22.4,0.23,0.563,12.1,74.9,0.217,Moda Center,767374,18716.43902
Charlotte Hornets,CHA,2023,25.3,27,55,26,56,-6.24,0.35,-5.89,109.2,115.3,-6.1,100.8,0.261,0.36,0.55,0.516,12.3,23.8,0.195,0.544,12.5,75.5,0.211,Spectrum Center,702052,17123.21951
Houston Rockets,HOU,2023,22.1,22,60,23,59,-7.85,0.24,-7.62,111.4,119.3,-7.9,99,0.285,0.359,0.554,0.516,14,30.2,0.215,0.564,11.8,75.8,0.218,Toyota Center,668865,16313.78049
Detroit Pistons,DET,2023,24.1,17,65,22,60,-8.22,0.49,-7.73,110.7,118.9,-8.2,99,0.295,0.372,0.561,0.52,13.3,24.9,0.227,0.557,11.9,74,0.231,Little Caesars Arena,759715,18529.63415
San Antonio Spurs,SA,2023,23.9,22,60,19,63,-10.04,0.22,-9.82,110.2,120,-9.8,101.6,0.229,0.348,0.554,0.525,13,25.6,0.17,0.576,12,74.9,0.201,AT&T Center,694434,16937.41463
League Average,,2023,26.3,NA,NA,41,41,0,0,0,114.8,114.8,NA,99.1,0.266,0.387,0.581,0.545,12.5,24,0.208,0.545,12.5,76,0.208,,739895,18046.21951
Boston Celtics*,BOS,2022,26.1,51,31,59,23,7.28,-0.26,7.02,114.4,106.9,7.5,96.6,0.239,0.425,0.578,0.542,12.4,24,0.195,0.502,12.5,77.3,0.183,TD Garden,785396,19156
Phoenix Suns*,PHX,2022,27.5,64,18,59,23,7.5,-0.56,6.94,114.8,107.3,7.5,99.8,0.221,0.354,0.581,0.549,11.6,22.3,0.176,0.51,13,77.1,0.195,Phoenix Suns Arena,663171,16174.90244
Utah Jazz*,UTAH,2022,29.3,49,33,56,26,6.04,-0.37,5.67,116.7,110.5,6.2,97.1,0.271,0.468,0.589,0.555,12.7,25.4,0.208,0.521,10.9,78.3,0.164,Vivint Smart Home Arena,750546,18306
Memphis Grizzlies*,MEM,2022,24,56,26,55,27,5.68,-0.32,5.37,114.6,109,5.6,100.3,0.245,0.346,0.553,0.522,11.2,30,0.18,0.523,13.3,77.8,0.195,FedEx Forum,646785,15775.2439
Golden State Warriors*,GS,2022,27.6,53,29,55,27,5.54,-0.02,5.52,112.5,106.9,5.6,98.4,0.235,0.456,0.582,0.552,13.5,22.8,0.181,0.509,13,78.7,0.201,Chase Center,740624,18064
Miami Heat*,MIA,2022,28.2,53,29,53,29,4.45,-0.22,4.23,113.7,109.1,4.6,95.9,0.252,0.422,0.584,0.547,13.4,23.5,0.204,0.524,13.8,78,0.209,FTX Arena,804761,19628.31707
Dallas Mavericks*,DAL,2022,26.7,52,30,50,32,3.3,-0.18,3.12,112.8,109.4,3.4,95.4,0.249,0.439,0.572,0.538,11.7,21.3,0.192,0.521,12.2,78,0.185,American Airlines Center,808037,19708.21951
Milwaukee Bucks*,MIL,2022,28.5,51,31,49,33,3.35,-0.14,3.22,115.1,111.8,3.3,99.9,0.257,0.43,0.58,0.546,11.9,23,0.199,0.536,11.6,78.6,0.165,Fiserv Forum,715581,17453.19512
Philadelphia 76ers*,PHI,2022,26.8,51,31,48,34,2.61,-0.04,2.57,113.5,110.8,2.7,96.2,0.282,0.376,0.578,0.534,11.6,20.1,0.232,0.524,12.1,76.8,0.192,Wells Fargo Center,846867,20655.29268
Minnesota Timberwolves*,MIN,2022,24.2,46,36,48,34,2.63,-0.1,2.53,114.3,111.7,2.6,100.9,0.254,0.454,0.573,0.539,12.4,24.4,0.198,0.535,14.2,74.9,0.227,Target Center,657148,16028
Denver Nuggets*,DEN,2022,27.7,48,34,47,35,2.3,-0.15,2.16,114.5,112.1,2.4,97.8,0.244,0.416,0.59,0.556,13.2,21.9,0.194,0.537,11.7,78.3,0.188,Ball Arena,695262,16957.60976
Toronto Raptors*,TOR,2022,24.8,48,34,47,35,2.29,0.08,2.38,112.9,110.5,2.4,96,0.234,0.375,0.543,0.51,11,28.4,0.177,0.535,14.4,75.6,0.199,Scotiabank Arena,547343,13349.82927
Cleveland Cavaliers,CLE,2022,24.7,44,38,47,35,2.12,-0.08,2.04,111.9,109.7,2.2,96.1,0.261,0.387,0.571,0.538,13.2,24,0.198,0.52,12.3,76.5,0.172,Rocket Mortgage Fieldhouse,758228,18493.36585
Atlanta Hawks*,ATL,2022,26.1,43,39,45,37,1.56,-0.01,1.55,116.5,114.9,1.6,97.7,0.253,0.39,0.581,0.543,10.8,23,0.205,0.543,11.5,76.9,0.177,State Farm Arena,672742,16408.34146
Brooklyn Nets*,BRK,2022,29.1,44,38,43,39,0.78,0.04,0.82,113.6,112.8,0.8,99,0.246,0.359,0.576,0.54,12.5,23.9,0.198,0.521,11.7,75.1,0.201,Barclays Center,711539,17354.60976
Charlotte Hornets,CHA,2022,25.5,43,39,42,40,0.44,0.09,0.53,114.1,113.7,0.4,100,0.234,0.418,0.572,0.544,11.6,23.3,0.173,0.544,13.1,74.8,0.187,Spectrum Center,700755,17091.58537
San Antonio Spurs,SA,2022,24.5,34,48,41,41,0.12,-0.1,0.02,112.4,112.3,0.1,100,0.22,0.345,0.556,0.527,11.1,23.7,0.166,0.532,12.1,75.1,0.176,AT&T Center,615588,15014.34146
Los Angeles Clippers,LAC,2022,27.5,42,40,41,41,0.02,0.06,0.09,110.1,110.1,0,98,0.224,0.391,0.564,0.531,12.5,20.6,0.178,0.514,12,74.4,0.167,Crypto.com Arena,694005,16926.95122
New York Knicks,NY,2022,26,37,45,41,41,-0.12,0.11,-0.01,110.4,110.5,-0.1,95.9,0.28,0.428,0.55,0.513,12,25.1,0.208,0.521,11.7,78.8,0.198,Madison Square Garden (IV),763484,18621.56098
Chicago Bulls*,CHI,2022,26.3,46,36,40,42,-0.39,0.02,-0.38,113.2,113.6,-0.4,98.3,0.248,0.332,0.579,0.541,11.8,20.4,0.201,0.541,11.9,78.3,0.199,United Center,856148,20881.65854
New Orleans Pelicans*,NO,2022,25.6,36,46,38,44,-0.99,0.15,-0.84,112,113,-1,97.2,0.264,0.365,0.557,0.517,12.5,26.9,0.208,0.547,13,78.2,0.196,Smoothie King Center,635941,15510.7561
Los Angeles Lakers,LAL,2022,30.2,33,49,33,49,-3.05,-0.03,-3.08,110.3,113.3,-3,100.1,0.259,0.388,0.567,0.537,12.8,21.1,0.19,0.54,12.2,75.8,0.192,Crypto.com Arena,764631,18649.53659
Washington Wizards,WSH,2022,25.9,35,47,32,50,-3.38,0.15,-3.23,111.1,114.5,-3.4,97,0.252,0.356,0.568,0.532,12.1,20.9,0.197,0.529,10.7,76.9,0.202,Capital One Arena,637215,15541.82927
Indiana Pacers,IND,2022,26,25,57,32,50,-3.48,0.22,-3.26,112.6,116.1,-3.5,98,0.239,0.395,0.564,0.531,12.7,25.5,0.184,0.552,11.9,76.2,0.204,Gainbridge Fieldhouse,588743,14359.58537
Sacramento Kings,SAC,2022,25.8,30,52,28,54,-5.46,0.2,-5.26,109.9,115.3,-5.4,99.8,0.264,0.377,0.561,0.525,12.5,21.3,0.203,0.551,11.9,76,0.176,Golden 1 Center,577583,14087.39024
Detroit Pistons,DET,2022,23.6,23,59,22,60,-7.72,0.37,-7.36,106,113.8,-7.8,98.4,0.249,0.391,0.533,0.494,12.6,23.4,0.194,0.541,13.1,75.6,0.226,Little Caesars Arena,663556,16184.29268
Orlando Magic,ORL,2022,23.3,22,60,21,61,-8,0.33,-7.67,104.5,112.5,-8,99.2,0.223,0.417,0.538,0.503,13,19.8,0.175,0.532,11.7,77.2,0.196,Amway Center,622881,15192.21951
Oklahoma City Thunder,OKC,2022,22.4,24,58,21,61,-8.1,0.2,-7.9,104.6,112.8,-8.2,98.6,0.223,0.419,0.53,0.497,12.5,21.8,0.169,0.533,11.8,76.1,0.169,Paycom Center,595112,14514.92683
Houston Rockets,HOU,2022,24.1,20,62,21,61,-8.48,0.22,-8.26,108.4,116.7,-8.3,100.9,0.284,0.448,0.565,0.534,14.5,21.7,0.202,0.554,12.3,74.4,0.206,Toyota Center,638977,15584.80488
Portland Trail Blazers,POR,2022,25.6,27,55,20,62,-8.88,0.33,-8.55,107.8,116.9,-9.1,98.3,0.248,0.422,0.55,0.515,13,22.9,0.188,0.559,12.7,76.9,0.222,Moda Center,705608,17209.95122
League Average,,2022,26.3,NA,NA,41,41,0,0,0,112,112,NA,98.2,0.248,0.399,0.566,0.532,12.3,23.2,0.192,0.532,12.3,76.8,0.192,,695475,16962.80488
Utah Jazz*,UTAH,2021,28.5,52,20,55,17,9.25,-0.29,8.97,117.6,108.3,9.3,98.5,0.244,0.488,0.597,0.563,12.7,24.5,0.195,0.507,10.3,79.3,0.159,Vivint Smart Home Arena,151300,3690.243902
Los Angeles Clippers*,LAC,2021,28.8,47,25,49,23,6.18,-0.16,6.02,117.6,111.2,6.4,96.9,0.222,0.4,0.599,0.564,12.2,22.7,0.186,0.531,11.9,79.1,0.186,STAPLES Center,13901,339.0487805
Phoenix Suns*,PHX,2021,26.6,51,21,49,23,5.82,-0.15,5.67,117.2,111.3,5.9,97.2,0.212,0.392,0.597,0.564,11.5,20.8,0.177,0.534,12.4,78.5,0.194,Phoenix Suns Arena,104027,2537.243902
Milwaukee Bucks*,MIL,2021,28.1,46,26,48,24,5.89,-0.32,5.57,117.2,111.4,5.8,102.2,0.233,0.404,0.593,0.566,12,23.3,0.177,0.536,11.5,79.7,0.157,Fiserv Forum,64780,1580
Philadelphia 76ers*,PHI,2021,27.1,49,23,48,24,5.58,-0.31,5.28,113.2,107.6,5.6,99.5,0.293,0.347,0.579,0.541,12.8,23.2,0.225,0.521,13.8,78.2,0.2,Wells Fargo Center,68583,1672.756098
Denver Nuggets*,DEN,2021,26.1,47,25,47,25,4.93,-0.11,4.82,117.1,112.1,5,97.1,0.219,0.383,0.588,0.557,12.1,24.7,0.176,0.545,12.9,78.9,0.2,Ball Arena,54563,1330.804878
Brooklyn Nets*,BRK,2021,28.2,48,24,46,26,4.5,-0.27,4.24,118.3,113.8,4.5,99.5,0.258,0.413,0.61,0.575,12.2,21.4,0.208,0.531,11.1,77.3,0.187,Barclays Center,30491,743.6829268
Los Angeles Lakers*,LAL,2021,28.2,42,30,42,30,2.79,-0.03,2.77,109.9,107.1,2.8,98.7,0.271,0.363,0.569,0.536,13.6,22.5,0.2,0.526,13.7,79.7,0.184,STAPLES Center,23313,568.6097561
Dallas Mavericks*,DAL,2021,26.3,42,30,41,31,2.26,-0.01,2.26,115.4,113,2.4,97.3,0.242,0.436,0.582,0.55,11.1,21.1,0.189,0.534,11.5,77.8,0.197,American Airlines Center,94849,2313.390244
New York Knicks*,NY,2021,25.6,41,31,41,31,2.31,-0.18,2.13,110.6,108.2,2.4,95.9,0.242,0.347,0.559,0.524,11.9,21.9,0.19,0.509,11.7,78.6,0.196,Madison Square Garden (IV),42131,1027.585366
Atlanta Hawks*,ATL,2021,25.4,41,31,41,31,2.32,-0.18,2.14,115.7,113.3,2.4,97.6,0.278,0.382,0.581,0.539,11.9,24.4,0.226,0.53,11.1,77.8,0.19,State Farm Arena,59288,1446.04878
Portland Trail Blazers*,POR,2021,27.4,42,30,40,32,1.79,0.01,1.81,117.8,116,1.8,98.4,0.238,0.448,0.577,0.54,9.9,23,0.195,0.546,11.2,77.5,0.203,Moda Center,5817,141.8780488
Boston Celtics*,BOS,2021,25.1,36,36,39,33,1.46,-0.14,1.32,114,112.5,1.5,98.3,0.234,0.409,0.574,0.543,12.5,24.3,0.181,0.539,12.8,78.1,0.215,TD Garden,30067,733.3414634
Golden State Warriors,GS,2021,26.7,39,33,38,34,1.06,0.04,1.1,111.1,110.1,1,102.2,0.239,0.439,0.583,0.551,13.3,17.9,0.188,0.522,13.1,76.6,0.223,Chase Center,33457,816.0243902
Memphis Grizzlies*,MEM,2021,24.2,38,34,38,34,1.03,0.04,1.07,112,111,1,100.4,0.232,0.342,0.56,0.528,11.6,24.2,0.179,0.535,13.1,78.3,0.196,FedEx Forum,61449,1498.756098
Miami Heat*,MIA,2021,27.4,40,32,36,36,0.03,-0.09,-0.06,111.2,111.2,0,96.6,0.252,0.432,0.581,0.546,13.1,19.4,0.199,0.542,13.8,77.9,0.183,AmericanAirlines Arena,NA,NA
Indiana Pacers,IND,2021,26.5,34,38,36,36,-0.04,-0.08,-0.13,112.4,112.4,0,101.6,0.227,0.372,0.575,0.542,11.9,20.2,0.18,0.531,12.7,74.9,0.201,Bankers Life Fieldhouse,NA,NA
New Orleans Pelicans,NO,2021,24.8,31,41,35,37,-0.29,0.1,-0.2,113.5,113.8,-0.3,100.1,0.293,0.342,0.57,0.537,12.7,26.3,0.214,0.55,11.9,80,0.186,Smoothie King Center,93120,2271.219512
Toronto Raptors,TOR,2021,26.6,27,45,35,37,-0.47,-0.07,-0.54,112,112.5,-0.5,99.2,0.241,0.444,0.567,0.529,11.9,20.8,0.196,0.543,14.4,76.3,0.234,Amalie Arena,26024,634.7317073
Chicago Bulls,CHI,2021,25.6,31,41,34,38,-0.89,-0.05,-0.94,111.1,112,-0.9,99,0.197,0.383,0.575,0.547,13.6,22.3,0.156,0.538,11.6,80.3,0.196,United Center,13655,333.0487805
San Antonio Spurs,SA,2021,26.2,33,39,32,40,-1.74,0.15,-1.58,111,112.8,-1.8,98.9,0.243,0.314,0.554,0.517,10.2,20,0.192,0.541,11.8,77.3,0.174,AT&T Center,61053,1489.097561
Washington Wizards*,WSH,2021,26.6,34,38,32,40,-1.83,-0.01,-1.85,111.2,113,-1.8,104.1,0.288,0.319,0.569,0.531,12.3,21.3,0.221,0.539,12.5,77.6,0.217,Capital One Arena,19198,468.2439024
Charlotte Hornets,CHA,2021,24.6,33,39,32,40,-1.93,-0.01,-1.94,110.9,112.8,-1.9,98.3,0.238,0.422,0.564,0.532,13.3,23.5,0.181,0.55,13.2,75.7,0.163,Spectrum Center,68255,1664.756098
Sacramento Kings,SAC,2021,25.6,31,41,28,44,-3.68,0.23,-3.45,113.6,117.2,-3.6,100,0.248,0.376,0.578,0.549,12,21.3,0.185,0.557,12.1,75,0.199,Golden 1 Center,NA,NA
Detroit Pistons,DET,2021,24.5,20,52,26,46,-4.47,0.09,-4.38,108,112.5,-4.5,97.9,0.273,0.385,0.556,0.519,13.5,21.9,0.207,0.541,12.6,76.9,0.195,Little Caesars Arena,14250,347.5609756
Minnesota Timberwolves,MIN,2021,23.2,23,49,24,48,-5.56,0.31,-5.25,109.5,115,-5.5,101.6,0.254,0.413,0.555,0.52,12.4,22.7,0.193,0.556,13.3,76.8,0.207,Target Center,15774,384.7317073
Houston Rockets,HOU,2021,26.5,17,55,20,52,-7.9,0.4,-7.5,107.1,114.9,-7.8,101.4,0.252,0.459,0.553,0.521,13,19.8,0.187,0.555,12.9,77.1,0.201,Toyota Center,117009,2853.878049
Cleveland Cavaliers,CLE,2021,24,22,50,18,54,-8.44,0.25,-8.19,105.8,114.4,-8.6,97.3,0.261,0.347,0.543,0.508,13.9,23.6,0.194,0.556,13,76.6,0.183,Rocket Mortgage Fieldhouse,91476,2231.121951
Orlando Magic,ORL,2021,25.6,21,51,17,55,-9.31,0.29,-9.02,105.1,114.5,-9.4,98.7,0.24,0.356,0.527,0.49,11.5,21.6,0.186,0.547,11.5,78.2,0.169,Amway Center,126463,3084.463415
Oklahoma City Thunder,OKC,2021,22.8,22,50,15,57,-10.64,0.51,-10.13,103.5,114,-10.5,101,0.242,0.399,0.539,0.509,14.2,21.2,0.176,0.547,11.5,77.9,0.167,Chesapeake Energy Arena,NA,NA
League Average,,2021,26.3,NA,NA,36,36,0,0,0,112.3,112.3,NA,99.2,0.247,0.392,0.572,0.538,12.4,22.2,0.192,0.538,12.4,77.8,0.192,,49476,1206.731707
Milwaukee Bucks*,MIL,2020,29.2,56,17,57,16,10.08,-0.67,9.41,112.4,102.9,9.5,105.1,0.271,0.428,0.583,0.552,12.9,20.7,0.201,0.489,12,81.6,0.178,Fiserv Forum,549036,13391.12195
Boston Celtics*,BOS,2020,25.3,48,24,50,22,6.31,-0.47,5.83,113.3,107,6.3,99.5,0.259,0.386,0.57,0.531,12.2,23.9,0.207,0.509,13.5,77.4,0.215,TD Garden,610864,14899.12195
Los Angeles Clippers*,LAC,2020,27.4,49,23,50,22,6.44,0.21,6.66,113.9,107.6,6.3,101.5,0.295,0.375,0.577,0.535,12.6,23.5,0.233,0.506,12.2,77.6,0.206,STAPLES Center,610176,14882.34146
Toronto Raptors*,TOR,2020,26.6,53,19,50,22,6.24,-0.26,5.97,111.1,105,6.1,100.9,0.264,0.421,0.574,0.536,13.1,21.3,0.21,0.502,14.6,76.7,0.202,Scotiabank Arena,633456,15450.14634
Los Angeles Lakers*,LAL,2020,29.5,52,19,48,23,5.79,0.49,6.28,112,106.3,5.7,100.9,0.276,0.358,0.573,0.542,13.3,24.5,0.201,0.515,14.1,78.8,0.205,STAPLES Center,588907,14363.58537
Dallas Mavericks*,DAL,2020,26.1,43,32,49,26,4.95,-0.07,4.87,116.7,111.7,5,99.3,0.264,0.457,0.581,0.545,11.2,23.2,0.206,0.525,10.6,77.7,0.175,American Airlines Center,682096,16636.4878
Miami Heat*,MIA,2020,25.9,44,29,43,30,2.95,-0.35,2.59,112.5,109.5,3,98.3,0.299,0.419,0.587,0.547,13.5,20.3,0.234,0.523,12.6,79.5,0.213,AmericanAirlines Arena,629771,15360.26829
Houston Rockets*,HOU,2020,29.2,44,28,42,30,2.96,0.17,3.13,112.9,110.1,2.8,103.7,0.288,0.501,0.578,0.537,12.6,21,0.228,0.529,13.7,75.6,0.197,Toyota Center,578458,14108.73171
Utah Jazz*,UTAH,2020,27.3,44,28,42,30,2.47,0.05,2.52,112.3,109.9,2.4,98.6,0.268,0.414,0.585,0.549,13.7,21.6,0.208,0.518,11.1,78.9,0.185,Vivint Smart Home Arena,567486,13841.12195
Philadelphia 76ers*,PHI,2020,26.3,43,30,42,31,2.38,-0.13,2.25,111.3,109,2.3,99,0.255,0.36,0.566,0.534,12.7,23.9,0.193,0.523,12.5,80.3,0.214,Wells Fargo Center,639491,15597.34146
Denver Nuggets*,DEN,2020,25.6,46,27,41,32,2.11,0.24,2.35,113.1,111,2.1,97.1,0.235,0.344,0.567,0.535,12.3,24.8,0.183,0.533,12.9,76.8,0.198,Pepsi Center,633153,15442.7561
Indiana Pacers*,IND,2020,25.6,45,28,41,32,1.96,-0.33,1.63,110,108,2,98.9,0.216,0.317,0.565,0.534,12,20,0.17,0.511,13,76.7,0.192,Bankers Life Fieldhouse,529002,12902.4878
Oklahoma City Thunder*,OKC,2020,25.5,44,28,41,31,1.99,0.34,2.33,110.8,108.8,2,98.8,0.29,0.353,0.573,0.53,12.4,19.3,0.231,0.518,12.6,76.8,0.173,Chesapeake Energy Arena,600699,14651.19512
Phoenix Suns,PHX,2020,24.6,34,39,37,36,0.22,0.35,0.56,111.7,111.4,0.3,101.3,0.271,0.361,0.576,0.532,13,22.2,0.226,0.539,13.7,78.8,0.221,Talking Stick Resort Arena,550633,13430.07317
Brooklyn Nets*,BRK,2020,26.3,35,37,35,37,-0.57,-0.44,-1.01,108.9,109.5,-0.6,101.4,0.267,0.423,0.554,0.52,13.1,23.2,0.199,0.511,11,77.8,0.187,Barclays Center,524907,12802.60976
Orlando Magic*,ORL,2020,26.1,33,40,34,39,-1.01,0.09,-0.93,108.5,109.5,-1,98.6,0.256,0.364,0.544,0.506,11.5,22.3,0.198,0.535,13.2,79.1,0.176,Amway Center,529870,12923.65854
San Antonio Spurs,SA,2020,27.6,32,39,33,38,-1.11,0.46,-0.65,112.4,113.5,-1.1,100.5,0.262,0.318,0.572,0.531,11.2,20.1,0.212,0.542,11.7,79.2,0.193,AT&T Center,550515,13427.19512
Memphis Grizzlies,MEM,2020,24.1,34,39,34,39,-1.07,0.16,-0.91,109.2,110.3,-1.1,102.8,0.24,0.346,0.561,0.528,13.2,23,0.183,0.521,12.7,77.8,0.217,FedEx Forum,523297,12763.34146
Portland Trail Blazers*,POR,2020,27.5,35,39,34,40,-1.15,0.54,-0.61,113.7,114.8,-1.1,100.7,0.242,0.374,0.57,0.533,11.2,22.4,0.194,0.53,11.2,75.3,0.208,Moda Center,628303,15324.46341
New Orleans Pelicans,NO,2020,25.4,30,42,33,39,-1.29,0.74,-0.55,110.7,111.9,-1.2,103.7,0.256,0.403,0.568,0.539,13.9,24.2,0.186,0.532,12.4,77.8,0.212,Smoothie King Center,528172,12882.2439
Sacramento Kings,SAC,2020,27,31,41,31,41,-2.04,0.46,-1.59,110.2,112.2,-2,98.9,0.23,0.395,0.566,0.534,13,21.9,0.177,0.543,13.6,78.4,0.225,Golden 1 Center,520663,12699.09756
Chicago Bulls,CHI,2020,24.4,22,43,26,39,-3.08,-0.93,-4,106.7,109.8,-3.1,99.7,0.231,0.396,0.547,0.515,13.7,22.8,0.175,0.546,16.3,75.6,0.239,United Center,639352,15593.95122
Detroit Pistons,DET,2020,25.9,20,46,26,40,-3.56,-0.82,-4.38,109,112.7,-3.7,97.6,0.261,0.381,0.561,0.529,13.8,22.6,0.194,0.541,12.7,75.9,0.186,Little Caesars Arena,509469,12426.07317
Minnesota Timberwolves,MIN,2020,24.8,19,45,24,40,-4.3,0.28,-4.02,108.1,112.2,-4.1,103.4,0.277,0.433,0.551,0.514,13,22.1,0.209,0.541,13.2,77.2,0.218,Target Center,482112,11758.82927
Washington Wizards,WSH,2020,25.1,25,47,26,46,-4.67,-0.57,-5.24,110.9,115.5,-4.6,102.7,0.27,0.358,0.562,0.523,12.2,22.2,0.213,0.558,13.9,75.3,0.231,Capital One Arena,532702,12992.73171
New York Knicks,NY,2020,24.5,21,45,20,46,-6.45,-0.26,-6.72,106.5,113,-6.5,98.6,0.263,0.318,0.531,0.501,12.6,25.8,0.182,0.541,12.4,78.3,0.224,Madison Square Garden (IV),620789,15141.19512
Charlotte Hornets,CHA,2020,24.3,23,42,19,46,-6.75,-0.28,-7.03,106.3,113.3,-7,95.8,0.252,0.399,0.539,0.504,13.3,23.9,0.188,0.546,13.1,74.4,0.159,Spectrum Center,478591,11672.95122
Atlanta Hawks,ATL,2020,24.1,20,47,18,49,-7.97,0.27,-7.71,107.2,114.8,-7.6,103,0.258,0.398,0.554,0.515,13.8,21.6,0.204,0.543,12.7,74.9,0.233,State Farm Arena,545453,13303.73171
Cleveland Cavaliers,CLE,2020,25,19,46,18,47,-7.89,0.12,-7.77,107.5,115.4,-7.9,98.7,0.227,0.362,0.553,0.522,14.6,24.6,0.172,0.56,11.7,77.4,0.164,Rocket Mortgage Fieldhouse,643008,15683.12195
Golden State Warriors,GS,2020,24.4,15,50,16,49,-8.71,0.59,-8.12,105.2,113.8,-8.6,100.3,0.264,0.355,0.54,0.497,13.2,21.5,0.212,0.553,13.7,76.4,0.193,Chase Center,614176,14979.90244
League Average,,2020,26.2,NA,NA,35,35,0,0,0,110.6,110.6,NA,100.3,0.26,0.384,0.565,0.529,12.8,22.5,0.201,0.529,12.8,77.5,0.201,,575820,14044.39024
Milwaukee Bucks*,MIL,2019,26.9,60,22,61,21,8.87,-0.82,8.04,113.8,105.2,8.6,103.3,0.255,0.419,0.583,0.55,12,20.8,0.197,0.503,11.5,80.3,0.162,Fiserv Forum,721692,17602.2439
Golden State Warriors*,GS,2019,28.4,57,25,56,26,6.46,-0.04,6.42,115.9,109.5,6.4,100.9,0.227,0.384,0.596,0.565,12.6,22.5,0.182,0.508,11.7,77.1,0.205,Oracle Arena,803436,19596
Toronto Raptors*,TOR,2019,27.3,58,24,56,26,6.09,-0.6,5.49,113.1,107.1,6,100.2,0.247,0.379,0.579,0.543,12.4,21.9,0.198,0.509,13.1,77.1,0.19,Scotiabank Arena,812822,19824.92683
Utah Jazz*,UTAH,2019,27.3,50,32,54,28,5.26,0.03,5.28,110.9,105.7,5.2,100.3,0.295,0.394,0.572,0.538,13.4,22.9,0.217,0.507,12.4,80.3,0.189,Vivint Smart Home Arena,750546,18306
Houston Rockets*,HOU,2019,29.2,53,29,53,29,4.77,0.19,4.96,115.5,110.7,4.8,97.9,0.279,0.519,0.581,0.542,12,22.8,0.221,0.525,13.4,74.4,0.21,Toyota Center,740392,18058.34146
Boston Celtics*,BOS,2019,25.7,49,33,52,30,4.44,-0.54,3.9,112.2,107.8,4.4,99.6,0.215,0.381,0.567,0.534,11.5,21.6,0.173,0.514,13.4,77,0.198,TD Garden,763584,18624
Portland Trail Blazers*,POR,2019,26.2,53,29,51,31,4.2,0.24,4.43,114.7,110.5,4.2,99.1,0.258,0.339,0.568,0.528,12.1,26.6,0.21,0.516,11,77.9,0.195,Moda Center,799345,19496.21951
Denver Nuggets*,DEN,2019,24.9,54,28,51,31,3.95,0.24,4.19,113,108.9,4.1,97.7,0.232,0.348,0.558,0.527,11.9,26.6,0.175,0.521,12.3,78,0.194,Pepsi Center,756457,18450.17073
Indiana Pacers*,IND,2019,27,48,34,50,32,3.33,-0.57,2.76,109.9,106.5,3.4,98.1,0.242,0.292,0.561,0.53,12.4,21.9,0.182,0.516,14.1,76.2,0.184,Bankers Life Fieldhouse,689310,16812.43902
Oklahoma City Thunder*,OKC,2019,25.7,49,33,50,32,3.4,0.15,3.56,110.3,107,3.3,102.8,0.266,0.347,0.545,0.514,11.7,26,0.19,0.523,14.4,78.2,0.206,Chesapeake Energy Arena,746323,18203
Philadelphia 76ers*,PHI,2019,26.4,51,31,48,34,2.7,-0.44,2.25,112.6,110,2.6,101.6,0.312,0.342,0.574,0.532,12.9,24.5,0.241,0.512,11.1,78.6,0.206,Wells Fargo Center,838342,20447.36585
San Antonio Spurs*,SA,2019,28.8,48,34,45,37,1.68,0.12,1.8,112.9,111.2,1.7,98.3,0.237,0.286,0.572,0.534,11,21,0.194,0.528,11,79.4,0.17,AT&T Center,750616,18307.70732
Los Angeles Clippers*,LAC,2019,27.2,48,34,43,39,0.85,0.23,1.09,112.4,111.5,0.9,101.7,0.326,0.295,0.575,0.529,12.7,22,0.258,0.514,11.4,76,0.224,STAPLES Center,710327,17325.04878
Orlando Magic*,ORL,2019,25.7,42,40,43,39,0.71,-0.43,0.28,108.9,108.1,0.8,98.1,0.216,0.36,0.55,0.518,11.9,22,0.168,0.515,11.8,79.7,0.186,Amway Center,720024,17561.56098
Brooklyn Nets*,BRK,2019,25.4,42,40,41,41,-0.07,-0.33,-0.4,109.6,109.7,-0.1,100.8,0.284,0.403,0.556,0.52,13,23.8,0.211,0.512,11.6,76.4,0.19,Barclays Center,612597,14941.39024
Detroit Pistons*,DET,2019,26.9,41,41,40,42,-0.24,-0.31,-0.56,109,109.2,-0.2,97.4,0.262,0.394,0.544,0.509,12.3,24.8,0.195,0.526,12.8,78.7,0.211,Little Caesars Arena,675963,16486.90244
Miami Heat,MIA,2019,27,39,43,40,42,-0.23,-0.22,-0.45,107.3,107.6,-0.3,98.2,0.247,0.368,0.542,0.515,13.1,24.8,0.172,0.51,12.7,77.6,0.201,AmericanAirlines Arena,805264,19640.58537
Sacramento Kings,SAC,2019,24.8,39,43,38,44,-1.12,0.31,-0.81,110.4,111.5,-1.1,103.1,0.244,0.321,0.554,0.524,11.5,23.1,0.177,0.533,13.6,75.5,0.207,Golden 1 Center,700975,17096.95122
Charlotte Hornets,CHA,2019,26.6,39,43,38,44,-1.1,-0.22,-1.32,111.4,112.5,-1.1,98.7,0.257,0.378,0.554,0.514,10.9,21.7,0.205,0.538,12.1,77.1,0.179,Spectrum Center,676570,16501.70732
New Orleans Pelicans,NO,2019,25.7,33,49,38,44,-1.33,0.23,-1.1,111.4,112.6,-1.2,103.3,0.254,0.324,0.563,0.529,12.6,24.1,0.193,0.532,11.6,76.8,0.193,Smoothie King Center,656183,16004.46341
Dallas Mavericks,DAL,2019,26.9,33,49,38,44,-1.28,0.42,-0.87,109.4,110.7,-1.3,99,0.291,0.422,0.555,0.519,12.7,22.7,0.216,0.522,11.6,77.5,0.191,American Airlines Center,820569,20013.87805
Minnesota Timberwolves,MIN,2019,26.2,36,46,37,45,-1.5,0.48,-1.02,111.4,112.9,-1.5,100.2,0.267,0.315,0.552,0.511,11.4,24.6,0.21,0.538,12.9,74.9,0.19,Target Center,627543,15305.92683
Los Angeles Lakers,LAL,2019,26.2,37,45,37,45,-1.72,0.39,-1.33,107.8,109.5,-1.7,103.2,0.257,0.342,0.554,0.527,13.4,22.2,0.18,0.516,12.2,76.4,0.192,STAPLES Center,778877,18997
Memphis Grizzlies,MEM,2019,27.7,33,49,34,48,-2.6,0.51,-2.08,106.1,108.8,-2.7,96.6,0.272,0.342,0.548,0.508,12.9,20,0.21,0.521,13.9,77.6,0.232,FedEx Forum,638332,15569.07317
Washington Wizards,WSH,2019,26.5,32,50,34,48,-2.9,-0.4,-3.3,111.1,113.9,-2.8,101.4,0.266,0.37,0.567,0.531,12.3,21.3,0.204,0.546,13.5,74.1,0.199,Capital One Arena,716996,17487.70732
Atlanta Hawks,ATL,2019,25.1,29,53,27,55,-6.02,-0.04,-6.06,108.1,113.9,-5.8,103.9,0.255,0.403,0.555,0.522,14.3,24.7,0.192,0.541,12.8,76.4,0.237,State Farm Arena,628440,15327.80488
Chicago Bulls,CHI,2019,24,22,60,21,61,-8.41,0.1,-8.32,104.8,113.2,-8.4,99,0.235,0.295,0.541,0.505,12.7,19.4,0.184,0.541,11.9,77.3,0.188,United Center,823475,20084.7561
New York Knicks,NY,2019,23.4,17,65,19,63,-9.21,0.28,-8.93,104.5,113.7,-9.2,99.6,0.27,0.334,0.529,0.49,12.4,22.1,0.205,0.533,11.7,76.1,0.203,Madison Square Garden (IV),779087,19002.12195
Phoenix Suns,PHX,2019,24,19,63,19,63,-9.34,0.73,-8.61,105.9,115.1,-9.2,100.5,0.259,0.335,0.552,0.514,13.8,20.5,0.202,0.545,13.5,72.5,0.236,Talking Stick Resort Arena,627023,15293.2439
Cleveland Cavaliers,CLE,2019,25.2,19,63,19,63,-9.61,0.22,-9.39,107.7,117.6,-9.9,96.6,0.236,0.332,0.54,0.503,12.2,23.7,0.187,0.564,11.5,77,0.181,Quicken Loans Arena,793337,19349.68293
League Average,,2019,26.4,NA,NA,41,41,0,0,0,110.4,110.4,NA,100,0.259,0.359,0.56,0.524,12.4,22.9,0.198,0.524,12.4,77.1,0.198,,732148,17857.26829
Houston Rockets*,HOU,2018,29.8,65,17,61,21,8.48,-0.27,8.21,114.7,106.1,8.6,97.6,0.298,0.502,0.59,0.551,12.7,21.3,0.233,0.521,13.4,79.9,0.171,Toyota Center,732722,17871.26829
Toronto Raptors*,TOR,2018,25.8,59,23,60,22,7.78,-0.49,7.29,113.8,105.9,7.9,97.4,0.25,0.377,0.575,0.539,12.1,23,0.198,0.501,13,77.7,0.212,Air Canada Centre,813431,19839.78049
Golden State Warriors*,GS,2018,28.8,58,24,56,26,5.98,-0.19,5.79,113.6,107.7,5.9,99.6,0.239,0.339,0.603,0.569,14.1,21,0.195,0.504,12.6,76.3,0.186,Oracle Arena,803436,19596
Utah Jazz*,UTAH,2018,26.7,48,34,53,29,4.3,0.17,4.47,108.4,103.9,4.5,95.7,0.26,0.357,0.564,0.527,13.7,21.5,0.202,0.506,14,79.8,0.19,Vivint Smart Home Arena,734806,17922.09756
Philadelphia 76ers*,PHI,2018,25.8,52,30,53,29,4.5,-0.2,4.3,109.5,105,4.5,99.8,0.263,0.344,0.568,0.535,14.6,25.3,0.198,0.492,12.6,78.6,0.218,Wells Fargo Center,833503,20329.34146
Boston Celtics*,BOS,2018,24.7,55,27,51,31,3.59,-0.35,3.23,107.6,103.9,3.7,96,0.243,0.357,0.552,0.518,13,21.5,0.188,0.495,13,78.4,0.191,TD Garden,763584,18624
Oklahoma City Thunder*,OKC,2018,27.3,48,34,50,32,3.41,0,3.42,110.7,107.2,3.5,96.7,0.275,0.345,0.546,0.514,12.4,27.7,0.197,0.525,14.7,77.4,0.193,Chesapeake Energy Arena,746322,18202.97561
San Antonio Spurs*,SA,2018,29.3,47,35,49,33,2.89,0,2.89,107.9,104.8,3.1,95,0.245,0.282,0.543,0.507,12.2,23.7,0.189,0.507,13.2,78.6,0.17,AT&T Center,754562,18403.95122
Portland Trail Blazers*,POR,2018,25.6,49,33,48,34,2.6,0,2.6,109.1,106.4,2.7,96.5,0.24,0.324,0.549,0.511,12.3,23.3,0.192,0.503,11.7,79.1,0.193,Moda Center,795750,19408.53659
Minnesota Timberwolves*,MIN,2018,27.1,47,35,47,35,2.23,0.12,2.35,113.4,111.1,2.3,96,0.28,0.261,0.566,0.523,11.4,24.4,0.225,0.539,13.9,76.4,0.189,Target Center,699308,17056.29268
Denver Nuggets,DEN,2018,25.1,46,36,45,37,1.48,0.09,1.57,112.5,111,1.5,96.8,0.258,0.357,0.57,0.536,13.4,25.7,0.198,0.539,12.6,77.5,0.173,Pepsi Center,702796,17141.36585
Indiana Pacers*,IND,2018,26.2,48,34,45,37,1.38,-0.2,1.18,109.5,108.1,1.4,96,0.222,0.284,0.557,0.525,12.3,22.7,0.173,0.527,14.2,76.2,0.174,Bankers Life Fieldhouse,658119,16051.68293
New Orleans Pelicans*,NO,2018,27.6,48,34,44,38,1.3,0.18,1.48,109.6,108.3,1.3,100.5,0.237,0.319,0.573,0.541,13.3,20,0.183,0.513,12.5,76.7,0.175,Smoothie King Center,673920,16437.07317
Cleveland Cavaliers*,CLE,2018,30.6,50,32,43,39,0.94,-0.35,0.59,112.9,111.9,1,98,0.275,0.379,0.584,0.547,12.6,20.1,0.214,0.54,12.2,77.3,0.166,Quicken Loans Arena,843042,20562
Washington Wizards*,WSH,2018,26.9,43,39,43,39,0.59,-0.06,0.53,109.3,108.7,0.6,96.6,0.254,0.31,0.56,0.525,13.3,23.5,0.196,0.522,13.6,77.1,0.212,Capital One Arena,739302,18031.7561
Miami Heat*,MIA,2018,26.5,44,38,42,40,0.48,-0.33,0.15,106.8,106.3,0.5,95.6,0.229,0.358,0.551,0.52,13.3,21.5,0.173,0.507,13.1,79,0.215,AmericanAirlines Arena,804850,19630.4878
Charlotte Hornets,CHA,2018,26.6,36,46,42,40,0.26,-0.19,0.07,109.4,109.1,0.3,98.4,0.312,0.314,0.549,0.508,11.4,22.2,0.233,0.532,12.4,80.7,0.165,Spectrum Center,671404,16375.70732
Los Angeles Clippers,LAC,2018,27,42,40,41,41,0.04,0.11,0.15,110.3,110.2,0.1,98.7,0.299,0.314,0.564,0.527,13.2,23.5,0.222,0.52,12.6,76.1,0.203,STAPLES Center,697812,17019.80488
Detroit Pistons,DET,2018,25.9,39,43,41,41,-0.15,-0.11,-0.26,107.2,107.3,-0.1,96.2,0.227,0.333,0.543,0.512,12.3,22.7,0.169,0.524,13.7,78.5,0.172,Little Caesars Arena,713945,17413.29268
Milwaukee Bucks*,MIL,2018,25.9,44,38,40,42,-0.3,-0.15,-0.45,109.8,110.1,-0.3,96.3,0.281,0.297,0.571,0.531,12.9,20.4,0.22,0.528,14.2,75.9,0.22,BMO Harris Bradley Center,685303,16714.70732
Los Angeles Lakers,LAL,2018,23.7,35,47,37,45,-1.55,0.11,-1.44,106.5,108,-1.5,100.3,0.264,0.329,0.548,0.517,13.8,23.6,0.188,0.514,12.5,77.7,0.19,STAPLES Center,776327,18934.80488
Dallas Mavericks,DAL,2018,27.7,24,58,33,49,-3.04,0.34,-2.7,106.3,109.5,-3.2,95.6,0.217,0.382,0.544,0.513,11.5,18,0.166,0.532,12.8,78.9,0.193,American Airlines Center,811453,19791.53659
New York Knicks,NY,2018,26.3,29,53,32,50,-3.56,0.03,-3.53,107.1,110.7,-3.6,96.8,0.216,0.266,0.544,0.51,13.3,24.1,0.17,0.522,12.1,76.7,0.208,Madison Square Garden (IV),792608,19331.90244
Brooklyn Nets,BRK,2018,25.1,28,54,31,51,-3.74,0.07,-3.67,106.9,110.6,-3.7,98.9,0.26,0.411,0.551,0.514,13.6,21,0.201,0.517,11,77,0.201,Barclays Center,640010,15610
Orlando Magic,ORL,2018,25.6,25,57,28,54,-4.82,-0.1,-4.92,105.2,110.1,-4.9,98.1,0.238,0.342,0.545,0.512,13.3,20,0.18,0.525,12.8,75.6,0.187,Amway Center,734531,17915.39024
Atlanta Hawks,ATL,2018,25.4,24,58,27,55,-5.45,0.15,-5.3,105,110.6,-5.6,98.3,0.236,0.363,0.547,0.512,14.1,21.1,0.185,0.536,13.6,76.2,0.183,Philips Arena,590769,14409
Memphis Grizzlies,MEM,2018,26,22,60,25,57,-6.21,0.39,-5.81,104.5,111,-6.5,94.9,0.255,0.317,0.539,0.5,14,22.4,0.201,0.529,13.8,76.5,0.256,FedEx Forum,653863,15947.87805
Chicago Bulls,CHI,2018,24.4,27,55,23,59,-7.04,0.2,-6.84,103.8,110.9,-7.1,98.3,0.216,0.35,0.529,0.497,12.6,20.6,0.164,0.542,12.4,80.6,0.184,United Center,851824,20776.19512
Sacramento Kings,SAC,2018,26.4,27,55,23,59,-6.99,0.39,-6.6,103.7,111.1,-7.4,94.9,0.194,0.278,0.529,0.502,12.8,21.5,0.143,0.542,13.5,77.6,0.199,Golden 1 Center,714680,17431.21951
Phoenix Suns,PHX,2018,23.7,21,61,19,63,-9.37,0.57,-8.8,103.5,112.9,-9.4,100.3,0.275,0.32,0.532,0.495,13.9,22.5,0.203,0.533,11.9,76.5,0.212,Talking Stick Resort Arena,690576,16843.31707
League Average,,2018,26.6,NA,NA,41,41,0,0,0,108.6,108.6,NA,97.3,0.252,0.337,0.556,0.521,13,22.3,0.193,0.521,13,77.7,0.193,,737485,17987.43902
Golden State Warriors*,GS,2017,28.2,67,15,67,15,11.63,-0.28,11.35,115.6,104,11.6,99.8,0.259,0.359,0.597,0.563,13.2,22.8,0.204,0.486,13.5,74.9,0.198,Oracle Arena,803436,19596
San Antonio Spurs*,SA,2017,29.6,61,21,60,22,7.2,-0.06,7.13,111.1,103.5,7.6,94.2,0.263,0.281,0.564,0.524,12.6,24,0.21,0.492,13.5,77.6,0.192,AT&T Center,755347,18423.09756
Houston Rockets*,HOU,2017,27.4,55,27,55,27,5.77,0.08,5.84,114.7,109,5.7,100,0.304,0.462,0.583,0.545,13.3,24.6,0.233,0.519,13.2,75.8,0.194,Toyota Center,695903,16973.2439
Toronto Raptors*,TOR,2017,26.1,51,31,52,30,4.21,-0.56,3.65,112.3,107.8,4.5,94.7,0.293,0.289,0.561,0.517,11.8,25,0.233,0.507,13.5,76.3,0.223,Air Canada Centre,813050,19830.4878
Los Angeles Clippers*,LAC,2017,30,51,31,52,30,4.29,0.13,4.42,112.7,108.2,4.5,96.1,0.312,0.329,0.574,0.537,12,21.5,0.233,0.506,12.1,76.9,0.211,STAPLES Center,782609,19088.02439
Utah Jazz*,UTAH,2017,26.8,51,31,52,30,3.94,0.06,4,109.6,105.3,4.3,91.6,0.288,0.327,0.563,0.526,13.2,23.2,0.215,0.493,11.8,78.9,0.195,Vivint Smart Home Arena,806142,19662
Cleveland Cavaliers*,CLE,2017,29.2,51,31,49,33,3.18,-0.31,2.87,113.6,110.3,3.3,96.2,0.275,0.399,0.58,0.547,12.6,21.9,0.206,0.516,11.4,75.8,0.174,Quicken Loans Arena,843042,20562
Boston Celtics*,BOS,2017,25.9,53,29,48,34,2.63,-0.39,2.25,111.2,108.4,2.8,96.8,0.273,0.393,0.567,0.525,12.2,21.2,0.22,0.503,12.6,75.3,0.223,TD Garden,760690,18553.41463
Washington Wizards*,WSH,2017,26,49,33,46,36,1.8,-0.45,1.36,111.2,109.3,1.9,97.4,0.254,0.284,0.564,0.528,12.8,24.1,0.199,0.524,13.8,75.5,0.213,Verizon Center,697107,17002.60976
Miami Heat,MIA,2017,26.5,41,41,44,38,1.06,-0.29,0.77,107.8,106.7,1.1,95.2,0.251,0.314,0.541,0.512,12.4,24.2,0.177,0.496,12.6,76.4,0.22,AmericanAirlines Arena,805400,19643.90244
Oklahoma City Thunder*,OKC,2017,24.7,47,35,43,39,0.76,0.39,1.14,108.3,107.5,0.8,97.8,0.295,0.295,0.54,0.5,13.2,27.9,0.22,0.511,12.5,79,0.218,Chesapeake Energy Arena,746323,18203
Memphis Grizzlies*,MEM,2017,29.5,43,39,42,40,0.49,0.47,0.96,107.7,107.1,0.6,92.3,0.28,0.316,0.535,0.491,12.1,24.8,0.219,0.506,13.6,77.5,0.256,FedEx Forum,677314,16519.85366
Denver Nuggets,DEN,2017,25.2,40,42,42,40,0.51,0.19,0.7,113.2,112.7,0.5,98.3,0.276,0.329,0.568,0.53,13.2,27.3,0.214,0.532,10.9,78.7,0.194,Pepsi Center,605585,14770.36585
Chicago Bulls*,CHI,2017,26.9,41,41,42,40,0.43,-0.39,0.03,107.4,107,0.4,95.3,0.259,0.256,0.53,0.487,12.3,27,0.206,0.507,12.4,76.8,0.169,United Center,888882,21680.04878
Charlotte Hornets,CHA,2017,26.5,36,46,42,40,0.2,-0.26,-0.07,108.8,108.6,0.2,95.7,0.279,0.335,0.547,0.501,10.7,19.9,0.227,0.523,12.1,79.6,0.164,Spectrum Center,710643,17332.7561
Indiana Pacers*,IND,2017,27,42,40,40,42,-0.22,-0.42,-0.64,108.6,108.8,-0.2,95.9,0.261,0.272,0.558,0.516,12.8,21.2,0.212,0.512,13.6,75.5,0.225,Bankers Life Fieldhouse,684578,16697.02439
Milwaukee Bucks*,MIL,2017,25.6,42,40,40,42,-0.18,-0.26,-0.45,109.1,109.3,-0.2,94.5,0.274,0.29,0.565,0.527,13.2,21.5,0.21,0.518,13.6,75.4,0.215,BMO Harris Bradley Center,648952,15828.09756
Portland Trail Blazers*,POR,2017,24.8,41,41,40,42,-0.52,0.3,-0.23,110.3,110.8,-0.5,96.7,0.275,0.322,0.559,0.52,12.5,23,0.214,0.508,11.6,76.8,0.241,Moda Center,792029,19317.78049
Atlanta Hawks*,ATL,2017,27.9,43,39,39,43,-0.85,-0.38,-1.23,104.9,105.7,-0.8,97.4,0.295,0.309,0.541,0.504,14.2,23.6,0.215,0.507,13.8,76.1,0.179,Philips Arena,654306,15958.68293
Detroit Pistons,DET,2017,25.4,37,45,38,44,-1.12,-0.17,-1.29,106,107.1,-1.1,95,0.218,0.263,0.521,0.492,10.9,24.1,0.157,0.516,12.1,81.2,0.197,The Palace of Auburn Hills,655141,15979.04878
Minnesota Timberwolves,MIN,2017,24,31,51,38,44,-1.11,0.47,-0.64,110.8,112,-1.2,94.6,0.287,0.249,0.555,0.511,12.9,27.2,0.229,0.535,13.2,75.9,0.212,Target Center,607203,14809.82927
New Orleans Pelicans,NO,2017,25.7,34,48,35,47,-2.1,0.41,-1.69,105.2,107.4,-2.2,98,0.256,0.308,0.539,0.504,11.7,18.5,0.192,0.509,12.4,76.8,0.177,Smoothie King Center,663099,16173.14634
Dallas Mavericks,DAL,2017,27.6,33,49,33,49,-2.93,0.4,-2.53,105.6,108.8,-3.2,92.2,0.225,0.366,0.541,0.505,11.6,18.1,0.18,0.529,14.4,77.6,0.218,American Airlines Center,811366,19789.41463
New York Knicks,NY,2017,27.3,31,51,31,51,-3.67,-0.2,-3.87,107.7,111.5,-3.8,96,0.239,0.279,0.534,0.496,12.4,26.6,0.188,0.511,11.7,74.1,0.214,Madison Square Garden (IV),810741,19774.17073
Sacramento Kings,SAC,2017,27.9,32,50,31,51,-3.88,0.58,-3.29,107.3,111.3,-4,94.9,0.284,0.291,0.556,0.516,13.7,21,0.22,0.528,12.9,76.3,0.227,Golden 1 Center,721928,17608
Phoenix Suns,PHX,2017,25,24,58,27,55,-5.63,0.49,-5.14,106.6,112.2,-5.6,100.3,0.297,0.255,0.538,0.493,13.4,26,0.231,0.525,13.1,76.4,0.264,Talking Stick Resort Arena,708639,17283.87805
Philadelphia 76ers,PHI,2017,24.6,28,54,26,56,-5.7,-0.14,-5.83,103.2,108.9,-5.7,98.5,0.258,0.349,0.539,0.501,14.9,22.4,0.199,0.512,13.5,75.3,0.234,Wells Fargo Center,710557,17330.65854
Brooklyn Nets,BRK,2017,26,20,62,24,58,-6.73,-0.01,-6.74,104.1,110.7,-6.6,101.3,0.289,0.371,0.551,0.507,14.7,19.6,0.228,0.513,11.6,76.1,0.212,Barclays Center,632608,15429.46341
Orlando Magic,ORL,2017,25.3,29,53,24,58,-6.57,-0.04,-6.61,103.7,110.5,-6.8,96.8,0.246,0.3,0.524,0.489,12.1,21.6,0.184,0.523,11.9,77.4,0.201,Amway Center,727875,17753.04878
Los Angeles Lakers,LAL,2017,25.1,26,56,24,58,-6.88,0.58,-6.29,106,113,-7,98.5,0.259,0.295,0.537,0.501,13.5,25,0.195,0.542,13,75.8,0.213,STAPLES Center,776917,18949.19512
League Average,,2017,26.6,NA,NA,41,41,0,0,0,108.8,108.8,NA,96.4,0.271,0.316,0.552,0.514,12.7,23.3,0.209,0.514,12.7,76.7,0.209,,733247,17884.07317
San Antonio Spurs*,SA,2016,30.3,67,15,67,15,10.63,-0.36,10.28,110.3,99,11.3,93.8,0.246,0.223,0.564,0.526,12.4,23,0.197,0.477,14.1,79.1,0.182,AT&T Center,756445,18449.87805
Golden State Warriors*,GS,2016,27.4,73,9,65,17,10.76,-0.38,10.38,114.5,103.8,10.7,99.3,0.25,0.362,0.593,0.563,13.5,23.5,0.191,0.479,12.6,76,0.208,Oracle Arena,803436,19596
Oklahoma City Thunder*,OKC,2016,25.8,55,27,59,23,7.28,-0.19,7.09,113.1,105.6,7.5,96.7,0.292,0.275,0.565,0.524,14,31.1,0.228,0.484,11.7,76,0.205,Chesapeake Energy Arena,746323,18203
Cleveland Cavaliers*,CLE,2016,28.1,57,25,57,25,6,-0.55,5.45,110.9,104.5,6.4,93.3,0.259,0.352,0.558,0.524,12.7,25.1,0.194,0.496,12.6,78.5,0.205,Quicken Loans Arena,843042,20562
Toronto Raptors*,TOR,2016,26.3,56,26,53,29,4.5,-0.42,4.08,110,105.2,4.8,92.9,0.328,0.287,0.552,0.504,12.3,24.6,0.255,0.498,12.7,77.7,0.201,Air Canada Centre,812863,19825.92683
Los Angeles Clippers*,LAC,2016,29.7,53,29,53,29,4.28,-0.15,4.13,108.3,103.8,4.5,95.8,0.318,0.324,0.556,0.524,12.1,20.1,0.22,0.48,13.8,73.8,0.222,STAPLES Center,786910,19192.92683
Atlanta Hawks*,ATL,2016,28.2,48,34,51,31,3.61,-0.12,3.49,105.1,101.4,3.7,97.1,0.237,0.336,0.552,0.516,13.8,19.1,0.185,0.48,14.4,74.6,0.194,Philips Arena,690150,16832.92683
Boston Celtics*,BOS,2016,25.2,48,34,50,32,3.21,-0.37,2.84,106.8,103.6,3.2,98.5,0.264,0.293,0.531,0.488,12.1,25.1,0.208,0.487,14.6,74.6,0.231,TD Garden,749076,18270.14634
Charlotte Hornets*,CHA,2016,26,48,34,49,33,2.72,-0.36,2.36,107.2,104.3,2.9,95.6,0.28,0.348,0.545,0.502,11.7,20,0.222,0.496,12.5,79.8,0.191,Time Warner Cable Arena,716894,17485.21951
Utah Jazz,UTAH,2016,24.2,40,42,46,36,1.79,0.05,1.84,105.9,103.9,2,91,0.286,0.297,0.54,0.501,14.2,25.9,0.213,0.495,13.5,77.7,0.21,Vivint Smart Home Arena,791489,19304.60976
Miami Heat*,MIA,2016,28.4,48,34,46,36,1.65,-0.14,1.5,106.1,104.4,1.7,93.6,0.282,0.221,0.545,0.508,13.3,23.8,0.21,0.485,12.1,77.8,0.196,AmericanAirlines Arena,809350,19740.2439
Indiana Pacers*,IND,2016,26.9,45,37,46,36,1.71,-0.09,1.62,104.6,102.9,1.7,96.6,0.268,0.27,0.536,0.497,13.5,23.4,0.205,0.489,14.3,76,0.205,Bankers Life Fieldhouse,690733,16847.14634
Portland Trail Blazers*,POR,2016,24.3,44,38,43,39,0.83,0.15,0.98,108.8,108,0.8,96,0.268,0.332,0.548,0.511,13.2,25.9,0.202,0.503,12.1,76.2,0.225,Moda Center,794085,19367.92683
Detroit Pistons*,DET,2016,25,44,38,43,39,0.61,-0.18,0.43,106.1,105.5,0.6,95.1,0.296,0.303,0.522,0.491,12.2,27,0.197,0.504,12.5,79.3,0.196,The Palace of Auburn Hills,677138,16515.56098
Houston Rockets*,HOU,2016,27.8,41,41,42,40,0.2,0.14,0.34,108.3,108.1,0.2,97.6,0.352,0.37,0.553,0.516,14.2,25.7,0.244,0.516,14.8,72.8,0.219,Toyota Center,737244,17981.56098
Dallas Mavericks*,DAL,2016,30.3,42,40,40,42,-0.3,0.29,-0.02,106.7,107,-0.3,94.3,0.265,0.339,0.544,0.502,12,20.6,0.211,0.504,12.8,76.2,0.198,American Airlines Center,825901,20143.92683
Washington Wizards,WSH,2016,27.3,41,41,40,42,-0.5,0,-0.5,105.3,105.8,-0.5,98.5,0.263,0.282,0.544,0.511,13.1,20.6,0.192,0.515,14.6,77.7,0.218,Verizon Center,725426,17693.31707
Chicago Bulls,CHI,2016,27.6,42,40,37,45,-1.48,0.01,-1.46,105,106.5,-1.5,95.7,0.24,0.244,0.526,0.487,12.6,24.5,0.189,0.485,10.7,74.9,0.182,United Center,894659,21820.95122
Orlando Magic,ORL,2016,23.9,35,47,36,46,-1.62,-0.06,-1.68,105.1,106.8,-1.7,96,0.232,0.255,0.533,0.5,12.8,23.1,0.175,0.513,13.8,76.5,0.215,Amway Center,719275,17543.29268
Sacramento Kings,SAC,2016,26.6,33,49,34,48,-2.48,0.16,-2.32,106,108.4,-2.4,100,0.295,0.26,0.546,0.51,14.2,23.9,0.214,0.521,14,74.9,0.202,Sleep Train Arena,707526,17256.73171
Memphis Grizzlies*,MEM,2016,30.5,42,40,35,47,-2.24,0.11,-2.14,105.4,107.8,-2.4,93.3,0.295,0.222,0.524,0.477,12.3,25.3,0.231,0.518,15.2,75.1,0.251,FedEx Forum,701894,17119.36585
New York Knicks,NY,2016,27.2,32,50,33,49,-2.73,0,-2.74,104.6,107.6,-3,93.4,0.255,0.256,0.527,0.483,12.6,23.7,0.205,0.487,10.5,75.8,0.204,Madison Square Garden (IV),812292,19812
Denver Nuggets,DEN,2016,24.7,33,49,33,49,-3.1,0.29,-2.81,105.6,108.9,-3.3,95.7,0.282,0.277,0.531,0.489,13.2,25.8,0.216,0.515,12.6,77.3,0.216,Pepsi Center,577898,14095.07317
Minnesota Timberwolves,MIN,2016,24.6,29,53,31,51,-3.54,0.15,-3.38,106.5,110.1,-3.6,95.2,0.332,0.202,0.549,0.498,13.9,24.3,0.263,0.524,13.6,74.7,0.2,Target Center,581178,14175.07317
New Orleans Pelicans,NO,2016,26.6,30,52,31,51,-3.79,0.24,-3.56,105.6,109.5,-3.9,96.8,0.259,0.277,0.537,0.498,12.3,21.2,0.201,0.523,12.7,78.8,0.225,Smoothie King Center,688549,16793.87805
Milwaukee Bucks,MIL,2016,23.5,33,49,29,53,-4.18,0.2,-3.98,104.3,108.7,-4.4,94.2,0.276,0.189,0.537,0.499,14.2,24.9,0.207,0.51,14.2,73.1,0.221,BMO Harris Bradley Center,621808,15166.04878
Phoenix Suns,PHX,2016,26,23,59,24,58,-6.66,0.34,-6.32,102.2,109,-6.8,98.5,0.271,0.302,0.526,0.487,15.2,25.4,0.204,0.523,13.5,77.1,0.237,Talking Stick Resort Arena,701405,17107.43902
Brooklyn Nets,BRK,2016,26.9,21,61,22,60,-7.35,0.24,-7.12,103.2,110.9,-7.7,95.2,0.246,0.218,0.527,0.492,13.6,24.1,0.186,0.534,13.1,75.7,0.176,Barclays Center,620142,15125.41463
Los Angeles Lakers,LAL,2016,26.5,17,65,17,65,-9.56,0.64,-8.92,101.6,111.6,-10,95.6,0.292,0.29,0.509,0.46,12.5,23.1,0.228,0.523,11.6,74.7,0.202,STAPLES Center,778877,18997
Philadelphia 76ers,PHI,2016,23.3,10,72,16,66,-10.23,0.31,-9.92,98.8,109.2,-10.4,97.9,0.269,0.327,0.519,0.487,14.8,20.6,0.186,0.51,13.5,74,0.24,Wells Fargo Center,614650,14991.46341
League Average,,2016,26.8,NA,NA,41,41,0,0,0,106.4,106.4,NA,95.8,0.276,0.285,0.541,0.502,13.2,23.8,0.209,0.502,13.2,76.2,0.209,,732555,17867.19512